field_id,dimension,subtopic_cn,metric_name_cn,metric_name_en,metric_type,value_type,definition,unit_normalized,units_accepted_raw,valid_range,aliases_cn,aliases_en,expected_evidence_type,materiality_default,standard_anchor,rating_logic_reference,extraction_priority,status_values,annotation_note,extractor_version,schema_version,rating_polarity,scoring_role,materiality_weight_default,applicability_rule,disclosure_gap_policy,scope_priority,evidence_priority,review_risk_level,normalization_hint,indicator_layer,primary_indicator_id,rating_role,applicable_industries,materiality_model,alternative_status_policy,scoring_denominator_policy,extraction_group,financial_rating_reference,v03_change_note
E_Q_001,E,气候与排放,温室气体排放总量,Total GHG emissions,quantitative,number,报告期内企业披露的温室气体排放总量。,tCO2e,吨二氧化碳当量;tCO2e;万吨二氧化碳当量;ktCO2e,>=0,温室气体排放总量;碳排放总量;总碳排放;GHG排放总量,total GHG emissions;total carbon emissions,native_table;mixed,高,上交所/深交所可持续发展报告指引;IFRS S2;GRI 305;GHG Protocol,评级通常关注排放暴露、管理与趋势，不复制专有权重。,P0,disclosed;not_disclosed;not_found;not_applicable,优先取报告期合计值，注意万吨与吨换算。,indicator_schema_v0.1,v0.3,lower_is_better,absolute_performance,3,默认适用于全部上市公司；若报告明确说明边界不适用，可进入适用性复核。,not_disclosed_requires_review; score_transparency_penalty_if_applicable,公司法人边界/合并范围总量 > 范围一+范围二合计 > 运营边界总量 > 园区/项目/案例值,native_table > structured_text_table > narrative_exact_value > chart_or_image > manual_review,high,可按营业收入、员工数或产量做行业内强度标准化；抽取层先保留原始总量。,core,,exposure,全行业；能源、公用事业、工业、交通、原材料为高实质性,cross_industry_core,"primary_indicator; if missing, check explicit not_disclosed and alternative indicators",include_when_applicable,climate_emissions,借鉴MSCI行业实质性、Sustainalytics风险暴露-管理能力、S&P CSA同业比较、FTSE支柱-主题-指标模型；不复制专有权重。,新增主指标/组件/替代/行业适配/评级角色字段，用于区分报告披露适配与ESG评价口径。
E_Q_002,E,气候与排放,范围一温室气体排放,Scope 1 GHG emissions,quantitative,number,直接温室气体排放。,tCO2e,吨二氧化碳当量;tCO2e;万吨二氧化碳当量,>=0,范围一排放;直接排放;范畴一;Scope 1,Scope 1 emissions;direct GHG emissions,native_table;mixed,高,IFRS S2;GRI 305;GHG Protocol,用于评估直接运营排放暴露。,P0,disclosed;not_disclosed;not_found;not_applicable,不要把范围一、范围二合计误标为范围一。,indicator_schema_v0.1,v0.3,lower_is_better,absolute_performance,3,默认适用于全部上市公司；若报告明确说明边界不适用，可进入适用性复核。,not_disclosed_requires_review; score_transparency_penalty_if_applicable,公司范围一总量 > 主要排放设施总量 > 单一厂区/项目值,native_table > structured_text_table > narrative_exact_value > chart_or_image > manual_review,medium,保留标准化单位；评分阶段再做行业分位数或阈值标准化。,component,E_Q_001,exposure,全行业；直接运营排放较高行业优先,cross_industry_core,component_of:E_Q_001; can support or derive primary value when formula is valid,include_when_applicable,climate_emissions,借鉴MSCI行业实质性、Sustainalytics风险暴露-管理能力、S&P CSA同业比较、FTSE支柱-主题-指标模型；不复制专有权重。,新增主指标/组件/替代/行业适配/评级角色字段，用于区分报告披露适配与ESG评价口径。
E_Q_003,E,气候与排放,范围二温室气体排放,Scope 2 GHG emissions,quantitative,number,能源外购产生的间接温室气体排放。,tCO2e,吨二氧化碳当量;tCO2e;万吨二氧化碳当量,>=0,范围二排放;间接排放;范畴二;Scope 2,Scope 2 emissions;energy indirect emissions,native_table;mixed,高,IFRS S2;GRI 305;GHG Protocol,用于评估电力和外购能源相关排放暴露。,P0,disclosed;not_disclosed;not_found;not_applicable,区分基于市场法和基于地点法的口径。,indicator_schema_v0.1,v0.3,lower_is_better,absolute_performance,3,默认适用于全部上市公司；若报告明确说明边界不适用，可进入适用性复核。,not_disclosed_requires_review; score_transparency_penalty_if_applicable,公司范围二总量 > 外购电力对应排放 > 单一厂区/项目值,native_table > structured_text_table > narrative_exact_value > chart_or_image > manual_review,medium,保留标准化单位；评分阶段再做行业分位数或阈值标准化。,component,E_Q_001,exposure,全行业；外购电力密集企业优先,cross_industry_core,component_of:E_Q_001; can support or derive primary value when formula is valid,include_when_applicable,climate_emissions,借鉴MSCI行业实质性、Sustainalytics风险暴露-管理能力、S&P CSA同业比较、FTSE支柱-主题-指标模型；不复制专有权重。,新增主指标/组件/替代/行业适配/评级角色字段，用于区分报告披露适配与ESG评价口径。
E_Q_004,E,气候与排放,范围三温室气体排放,Scope 3 GHG emissions,quantitative,number,价值链其他间接温室气体排放。,tCO2e,吨二氧化碳当量;tCO2e;万吨二氧化碳当量,>=0,范围三排放;价值链排放;范畴三;Scope 3,Scope 3 emissions;value chain emissions,native_table;text,中,IFRS S2;GRI 305;GHG Protocol,供应链和产品使用阶段排放对部分行业更重要。,P1,disclosed;not_disclosed;not_found;not_applicable,若只披露部分范围三类别，应记录source_text说明。,indicator_schema_v0.1,v0.3,higher_is_better,absolute_performance,2,默认适用于全部上市公司；若报告明确说明边界不适用，可进入适用性复核。,optional_or_industry_specific; do_not_penalize_without_applicability_evidence,公司整体/合并范围 > 母公司/总部 > 园区/项目/案例；同一口径优先取报告期最新年度。,native_table > structured_text_table > narrative_exact_value > chart_or_image > manual_review,low,保留标准化单位；评分阶段再做行业分位数或阈值标准化。,alternative,E_Q_001,exposure,供应链或产品使用阶段排放显著行业优先,common_optional,"alternative_to:E_Q_001; record as alternative_disclosed, do not overwrite primary indicator",exclude_from_primary_denominator; count in alternative_disclosure_coverage,climate_emissions,借鉴MSCI行业实质性、Sustainalytics风险暴露-管理能力、S&P CSA同业比较、FTSE支柱-主题-指标模型；不复制专有权重。,新增主指标/组件/替代/行业适配/评级角色字段，用于区分报告披露适配与ESG评价口径。
E_Q_005,E,气候与排放,温室气体排放强度,GHG emissions intensity,quantitative,number,单位营收、产量、面积或其他业务量对应的温室气体排放。,tCO2e/unit,吨/万元;tCO2e/RMB;tCO2e per revenue;tCO2e/平方米;tCO2e/产品,>=0,碳排放强度;温室气体排放密度;排放强度,GHG intensity;carbon intensity,native_table;text,高,IFRS S2;GRI 305,强度指标常用于不同行业规模差异下的趋势比较。,P0,disclosed;not_disclosed;not_found;not_applicable,必须保留原始分母单位，避免不同强度口径混比。,indicator_schema_v0.1,v0.3,lower_is_better,absolute_performance,3,默认适用于全部上市公司；若报告明确说明边界不适用，可进入适用性复核。,not_disclosed_requires_review; score_transparency_penalty_if_applicable,公司整体/合并范围 > 母公司/总部 > 园区/项目/案例；同一口径优先取报告期最新年度。,native_table > structured_text_table > narrative_exact_value > chart_or_image > manual_review,high,保留标准化单位；评分阶段再做行业分位数或阈值标准化。,alternative,E_Q_001,exposure,全行业；按行业实质性调整权重,cross_industry_core,"alternative_to:E_Q_001; record as alternative_disclosed, do not overwrite primary indicator",exclude_from_primary_denominator; count in alternative_disclosure_coverage,climate_emissions,借鉴MSCI行业实质性、Sustainalytics风险暴露-管理能力、S&P CSA同业比较、FTSE支柱-主题-指标模型；不复制专有权重。,新增主指标/组件/替代/行业适配/评级角色字段，用于区分报告披露适配与ESG评价口径。
E_Q_006,E,能源,综合能源消耗量,Total energy consumption,quantitative,number,报告期内企业综合能源消耗。,MWh,MWh;kWh;GJ;吨标准煤;tce;万吨标准煤,>=0,综合能源消耗;能源消耗总量;总能耗,total energy consumption;energy consumed,native_table;mixed,高,上交所/深交所可持续发展报告指引;GRI 302,能源使用是环境管理和减排路径的基础暴露指标。,P0,disclosed;not_disclosed;not_found;not_applicable,允许先保留原单位，后续统一换算。,indicator_schema_v0.1,v0.3,lower_is_better,absolute_performance,3,默认适用于全部上市公司；若报告明确说明边界不适用，可进入适用性复核。,not_disclosed_requires_review; score_transparency_penalty_if_applicable,公司能源总消耗量 > 综合能耗/能耗总量 > 总部/园区/数据中心能耗 > 单项能源,native_table > structured_text_table > narrative_exact_value > chart_or_image > manual_review,high,可按营业收入、员工数或产量做行业内强度标准化；抽取层先保留原始总量。,core,,exposure,全行业；能源密集行业为高实质性,cross_industry_core,"primary_indicator; if missing, check explicit not_disclosed and alternative indicators",include_when_applicable,climate_emissions,借鉴MSCI行业实质性、Sustainalytics风险暴露-管理能力、S&P CSA同业比较、FTSE支柱-主题-指标模型；不复制专有权重。,新增主指标/组件/替代/行业适配/评级角色字段，用于区分报告披露适配与ESG评价口径。
E_Q_007,E,能源,外购电力消耗量,Purchased electricity consumption,quantitative,number,报告期内外购或消耗电力总量。,kWh,千瓦时;kWh;万千瓦时;MWh;兆瓦时,>=0,用电量;耗电量;外购电量;电力消耗,electricity consumption;purchased electricity,native_table;mixed,中,GRI 302;GHG Protocol,关联范围二排放与能源管理。,P0,disclosed;not_disclosed;not_found;not_applicable,注意万千瓦时和千瓦时换算。,indicator_schema_v0.1,v0.3,lower_is_better,absolute_performance,2,默认适用于全部上市公司；若报告明确说明边界不适用，可进入适用性复核。,not_disclosed_requires_review; score_transparency_penalty_if_applicable,公司用电总量/外购电力消耗量 > 办公用电总量 > 园区/项目用电 > 节电量,native_table > structured_text_table > narrative_exact_value > chart_or_image > manual_review,high,可按营业收入、员工数或产量做行业内强度标准化；抽取层先保留原始总量。,component,E_Q_006,performance,全行业；数据中心、机场、交通、制造业优先,cross_industry_core,component_of:E_Q_006; can support or derive primary value when formula is valid,include_when_applicable,climate_emissions,借鉴MSCI行业实质性、Sustainalytics风险暴露-管理能力、S&P CSA同业比较、FTSE支柱-主题-指标模型；不复制专有权重。,新增主指标/组件/替代/行业适配/评级角色字段，用于区分报告披露适配与ESG评价口径。
E_Q_008,E,能源,可再生能源使用比例,Renewable energy share,quantitative,percentage,可再生能源占总能源使用的比例。,%,%;百分比;比例,0-100,可再生能源占比;绿电比例;清洁能源占比,renewable energy share;renewable electricity share,native_table;text,中,GRI 302;IFRS S2,反映能源结构转型程度。,P1,disclosed;not_disclosed;not_found;not_applicable,若仅披露绿电采购量而非比例，状态不应强行转为比例。,indicator_schema_v0.1,v0.3,lower_is_better,ratio_performance,2,默认适用于全部上市公司；若报告明确说明边界不适用，可进入适用性复核。,optional_or_industry_specific; do_not_penalize_without_applicability_evidence,公司整体/合并范围 > 母公司/总部 > 园区/项目/案例；同一口径优先取报告期最新年度。,native_table > structured_text_table > narrative_exact_value > chart_or_image > manual_review,low,保留标准化单位；评分阶段再做行业分位数或阈值标准化。,alternative,E_Q_006,performance,全行业可披露；高耗能企业优先,common_optional,"alternative_to:E_Q_006; record as alternative_disclosed, do not overwrite primary indicator",exclude_from_primary_denominator; count in alternative_disclosure_coverage,climate_emissions,借鉴MSCI行业实质性、Sustainalytics风险暴露-管理能力、S&P CSA同业比较、FTSE支柱-主题-指标模型；不复制专有权重。,新增主指标/组件/替代/行业适配/评级角色字段，用于区分报告披露适配与ESG评价口径。
E_Q_009,E,水资源,取水量,Water withdrawal,quantitative,number,报告期内从各来源取用水总量。,m3,吨;立方米;m3;万吨;万立方米,>=0,取水量;用水量;总用水量;新鲜水用量,water withdrawal;water consumption,native_table;mixed,高,上交所/深交所可持续发展报告指引;GRI 303,水资源对制造、能源、材料行业具有较高重要性。,P0,disclosed;not_disclosed;not_found;not_applicable,有些报告把吨水近似为立方米，需记录原单位。,indicator_schema_v0.1,v0.3,lower_is_better,absolute_performance,3,默认适用于全部上市公司；若报告明确说明边界不适用，可进入适用性复核。,not_disclosed_requires_review; score_transparency_penalty_if_applicable,公司取水/用水总量 > 办公用水消耗量 > 单一水源/项目用水,native_table > structured_text_table > narrative_exact_value > chart_or_image > manual_review,high,可按营业收入、员工数或产量做行业内强度标准化；抽取层先保留原始总量。,core,,exposure,全行业；按行业实质性调整权重,cross_industry_core,"primary_indicator; if missing, check explicit not_disclosed and alternative indicators",include_when_applicable,climate_emissions,借鉴MSCI行业实质性、Sustainalytics风险暴露-管理能力、S&P CSA同业比较、FTSE支柱-主题-指标模型；不复制专有权重。,新增主指标/组件/替代/行业适配/评级角色字段，用于区分报告披露适配与ESG评价口径。
E_Q_010,E,水资源,循环用水量,Water recycled/reused,quantitative,number,报告期内循环、回收或重复利用水量。,m3,吨;立方米;m3;万吨;万立方米,>=0,循环用水;回用水;中水回用;重复用水,water recycled;water reused,native_table;text,中,GRI 303,反映资源利用效率。,P1,disclosed;not_disclosed;not_found;not_applicable,若披露循环用水率，应记录为比例类证据。,indicator_schema_v0.1,v0.3,lower_is_better,absolute_performance,2,默认适用于全部上市公司；若报告明确说明边界不适用，可进入适用性复核。,optional_or_industry_specific; do_not_penalize_without_applicability_evidence,公司整体/合并范围 > 母公司/总部 > 园区/项目/案例；同一口径优先取报告期最新年度。,native_table > structured_text_table > narrative_exact_value > chart_or_image > manual_review,low,保留标准化单位；评分阶段再做行业分位数或阈值标准化。,alternative,E_Q_009,performance,全行业；按行业实质性调整权重,common_optional,"alternative_to:E_Q_009; record as alternative_disclosed, do not overwrite primary indicator",exclude_from_primary_denominator; count in alternative_disclosure_coverage,environment_operations,借鉴MSCI行业实质性、Sustainalytics风险暴露-管理能力、S&P CSA同业比较、FTSE支柱-主题-指标模型；不复制专有权重。,新增主指标/组件/替代/行业适配/评级角色字段，用于区分报告披露适配与ESG评价口径。
E_Q_011,E,水资源,废水排放量,Wastewater discharge,quantitative,number,报告期内废水排放总量。,m3,吨;立方米;m3;万吨;万立方米,>=0,废水排放量;污水排放量;排水量,wastewater discharge;effluent discharge,native_table;mixed,中,GRI 303;GRI 306,污染防治和水管理的重要结果指标。,P1,disclosed;not_disclosed;not_found;not_applicable,区分处理量、排放量和循环量。,indicator_schema_v0.1,v0.3,lower_is_better,absolute_performance,2,默认适用于全部上市公司；若报告明确说明边界不适用，可进入适用性复核。,optional_or_industry_specific; do_not_penalize_without_applicability_evidence,公司整体/合并范围 > 母公司/总部 > 园区/项目/案例；同一口径优先取报告期最新年度。,native_table > structured_text_table > narrative_exact_value > chart_or_image > manual_review,low,保留标准化单位；评分阶段再做行业分位数或阈值标准化。,industry_specific,E_Q_009,performance,生产制造、化工、造纸、环保、公用事业优先,industry_materiality_adjusted,enable only when industry/business boundary is applicable,exclude_from_cross_industry_denominator_unless_applicable,environment_operations,借鉴MSCI行业实质性、Sustainalytics风险暴露-管理能力、S&P CSA同业比较、FTSE支柱-主题-指标模型；不复制专有权重。,新增主指标/组件/替代/行业适配/评级角色字段，用于区分报告披露适配与ESG评价口径。
E_Q_012,E,废弃物,废弃物产生总量,Total waste generated,quantitative,number,报告期内产生的废弃物总量。,t,吨;t;kg;万吨,>=0,废弃物总量;废弃物产生量;固体废物,total waste;waste generated,native_table;mixed,高,上交所/深交所可持续发展报告指引;GRI 306,废弃物管理对工业企业重要。,P0,disclosed;not_disclosed;not_found;not_applicable,避免把处置量和产生量混淆。,indicator_schema_v0.1,v0.3,lower_is_better,absolute_performance,3,默认适用于全部上市公司；若报告明确说明边界不适用，可进入适用性复核。,not_disclosed_requires_review; score_transparency_penalty_if_applicable,废弃物产生/排放总量 > 无害废弃物总量+有害废弃物总量 > 单项废弃物,native_table > structured_text_table > narrative_exact_value > chart_or_image > manual_review,high,可按营业收入、员工数或产量做行业内强度标准化；抽取层先保留原始总量。,core,,exposure,全行业；按行业实质性调整权重,cross_industry_core,"primary_indicator; if missing, check explicit not_disclosed and alternative indicators",include_when_applicable,environment_operations,借鉴MSCI行业实质性、Sustainalytics风险暴露-管理能力、S&P CSA同业比较、FTSE支柱-主题-指标模型；不复制专有权重。,新增主指标/组件/替代/行业适配/评级角色字段，用于区分报告披露适配与ESG评价口径。
E_Q_013,E,废弃物,危险废弃物产生量,Hazardous waste generated,quantitative,number,报告期内产生的危险废弃物总量。,t,吨;t;kg;万吨,>=0,危险废弃物;危废产生量;有害废弃物,hazardous waste,native_table;mixed,高,GRI 306;HKEX ESG Guide A1,对材料、化工、医药、制造行业具有较高重要性。,P0,disclosed;not_disclosed;not_found;not_applicable,注意有些报告仅披露合规处置量。,indicator_schema_v0.1,v0.3,lower_is_better,absolute_performance,3,适用于存在危险废物、污染物排放或生产运营环境影响的企业；金融/轻资产企业可标记不适用或仅定性披露。,not_disclosed_requires_review; score_transparency_penalty_if_applicable,危险废弃物产生/排放总量 > 危险办公耗材/危废处置量 > 危险废物管理制度描述,native_table > structured_text_table > narrative_exact_value > chart_or_image > manual_review,high,保留标准化单位；评分阶段再做行业分位数或阈值标准化。,industry_specific,,exposure,生产制造、化工、医药、电子、造纸、环保等存在危废企业,industry_materiality_adjusted,enable only when industry/business boundary is applicable,exclude_from_cross_industry_denominator_unless_applicable,environment_operations,借鉴MSCI行业实质性、Sustainalytics风险暴露-管理能力、S&P CSA同业比较、FTSE支柱-主题-指标模型；不复制专有权重。,新增主指标/组件/替代/行业适配/评级角色字段，用于区分报告披露适配与ESG评价口径。
E_Q_014,E,废弃物,一般废弃物产生量,Non-hazardous waste generated,quantitative,number,报告期内产生的一般或非危险废弃物总量。,t,吨;t;kg;万吨,>=0,一般废弃物;非危险废弃物;无害废弃物,non-hazardous waste,native_table;mixed,中,GRI 306;HKEX ESG Guide A1,反映资源和污染管理。,P1,disclosed;not_disclosed;not_found;not_applicable,若只披露生活垃圾，应标注具体口径。,indicator_schema_v0.1,v0.3,lower_is_better,absolute_performance,2,默认适用于全部上市公司；若报告明确说明边界不适用，可进入适用性复核。,optional_or_industry_specific; do_not_penalize_without_applicability_evidence,公司整体/合并范围 > 母公司/总部 > 园区/项目/案例；同一口径优先取报告期最新年度。,native_table > structured_text_table > narrative_exact_value > chart_or_image > manual_review,low,保留标准化单位；评分阶段再做行业分位数或阈值标准化。,industry_specific,E_Q_012,performance,全行业；按行业实质性调整权重,industry_materiality_adjusted,enable only when industry/business boundary is applicable,exclude_from_cross_industry_denominator_unless_applicable,environment_operations,借鉴MSCI行业实质性、Sustainalytics风险暴露-管理能力、S&P CSA同业比较、FTSE支柱-主题-指标模型；不复制专有权重。,新增主指标/组件/替代/行业适配/评级角色字段，用于区分报告披露适配与ESG评价口径。
E_Q_015,E,环境投入,环保投入金额,Environmental investment,quantitative,currency,报告期内用于环保、节能减排、污染治理等投入金额。,CNY,元;万元;亿元;人民币,>=0,环保投入;环境保护投入;节能环保投入;环保费用,environmental investment;environmental expenditure,native_table;text,中,上交所/深交所可持续发展报告指引,用于衡量环境管理投入，不等同于管理效果。,P0,disclosed;not_disclosed;not_found;not_applicable,注意资本性支出、费用性支出和公益投入的差异。,indicator_schema_v0.1,v0.3,contextual_disclosure,investment_or_contribution,2,默认适用于全部上市公司；若报告明确说明边界不适用，可进入适用性复核。,not_disclosed_requires_review; score_transparency_penalty_if_applicable,公司整体/合并范围 > 母公司/总部 > 园区/项目/案例；同一口径优先取报告期最新年度。,native_table > structured_text_table > narrative_exact_value > chart_or_image > manual_review,high,统一到万元；评分时可结合营业收入或利润规模标准化。,core,,performance,全行业；按行业实质性调整权重,cross_industry_core,"primary_indicator; if missing, check explicit not_disclosed and alternative indicators",include_when_applicable,other,借鉴MSCI行业实质性、Sustainalytics风险暴露-管理能力、S&P CSA同业比较、FTSE支柱-主题-指标模型；不复制专有权重。,新增主指标/组件/替代/行业适配/评级角色字段，用于区分报告披露适配与ESG评价口径。
E_Q_016,E,污染物,主要污染物排放量,Major pollutant emissions,quantitative,number,二氧化硫、氮氧化物、颗粒物、COD等主要污染物排放。,t,吨;t;kg;毫克/立方米,>=0,主要污染物;SO2;NOx;COD;氨氮;颗粒物,major pollutants;SO2;NOx;COD,native_table;text,中,上交所/深交所可持续发展报告指引;HKEX ESG Guide A1,污染排放对重污染行业重要。,P1,disclosed;not_disclosed;not_found;not_applicable,该字段可拆为子污染物，首版可先保留原文和值。,indicator_schema_v0.1,v0.3,higher_is_better,absolute_performance,2,默认适用于全部上市公司；若报告明确说明边界不适用，可进入适用性复核。,optional_or_industry_specific; do_not_penalize_without_applicability_evidence,公司整体/合并范围 > 母公司/总部 > 园区/项目/案例；同一口径优先取报告期最新年度。,native_table > structured_text_table > narrative_exact_value > chart_or_image > manual_review,low,保留标准化单位；评分阶段再做行业分位数或阈值标准化。,industry_specific,,performance,工业、能源、交通、环保、原材料行业优先,industry_materiality_adjusted,enable only when industry/business boundary is applicable,exclude_from_cross_industry_denominator_unless_applicable,environment_operations,借鉴MSCI行业实质性、Sustainalytics风险暴露-管理能力、S&P CSA同业比较、FTSE支柱-主题-指标模型；不复制专有权重。,新增主指标/组件/替代/行业适配/评级角色字段，用于区分报告披露适配与ESG评价口径。
E_Q_017,E,绿色业务,绿色金融或绿色业务规模,Green finance/business volume,quantitative,currency,绿色贷款、绿色债券、绿色投资或绿色产品收入等规模。,CNY,元;万元;亿元;人民币,>=0,绿色贷款;绿色金融;绿色债券;绿色收入;绿色业务,green finance;green revenue;green loans,native_table;text,行业相关,上交所/深交所可持续发展报告指引;ISSB sustainability-related opportunities,金融、能源、制造企业可作为机会类指标。,P1,disclosed;not_disclosed;not_found;not_applicable,行业差异较大，需记录具体口径。,indicator_schema_v0.1,v0.3,contextual_disclosure,investment_or_contribution,1,默认适用于全部上市公司；若报告明确说明边界不适用，可进入适用性复核。,optional_or_industry_specific; do_not_penalize_without_applicability_evidence,公司整体/合并范围 > 母公司/总部 > 园区/项目/案例；同一口径优先取报告期最新年度。,native_table > structured_text_table > narrative_exact_value > chart_or_image > manual_review,low,保留标准化单位；评分阶段再做行业分位数或阈值标准化。,industry_specific,,opportunity,金融机构、能源转型、环保业务、绿色产品业务适用,industry_materiality_adjusted,enable only when industry/business boundary is applicable,exclude_from_cross_industry_denominator_unless_applicable,other,借鉴MSCI行业实质性、Sustainalytics风险暴露-管理能力、S&P CSA同业比较、FTSE支柱-主题-指标模型；不复制专有权重。,新增主指标/组件/替代/行业适配/评级角色字段，用于区分报告披露适配与ESG评价口径。
E_Q_018,E,气候与排放,减排量,Emissions reduced/avoided,quantitative,number,报告期内通过节能减排项目实现的温室气体减排量。,tCO2e,吨二氧化碳当量;tCO2e;万吨,>=0,减排量;碳减排;减少碳排放,emissions reduced;avoided emissions,native_table;text,中,IFRS S2;GRI 305,反映转型行动，但需防止与总排放抵扣混淆。,P1,disclosed;not_disclosed;not_found;not_applicable,区分实际减排、避免排放和碳抵消。,indicator_schema_v0.1,v0.3,contextual_disclosure,absolute_performance,2,默认适用于全部上市公司；若报告明确说明边界不适用，可进入适用性复核。,optional_or_industry_specific; do_not_penalize_without_applicability_evidence,公司整体/合并范围 > 母公司/总部 > 园区/项目/案例；同一口径优先取报告期最新年度。,native_table > structured_text_table > narrative_exact_value > chart_or_image > manual_review,low,保留标准化单位；评分阶段再做行业分位数或阈值标准化。,alternative,E_Q_001,opportunity,全行业；按行业实质性调整权重,common_optional,"alternative_to:E_Q_001; record as alternative_disclosed, do not overwrite primary indicator",exclude_from_primary_denominator; count in alternative_disclosure_coverage,climate_emissions,借鉴MSCI行业实质性、Sustainalytics风险暴露-管理能力、S&P CSA同业比较、FTSE支柱-主题-指标模型；不复制专有权重。,新增主指标/组件/替代/行业适配/评级角色字段，用于区分报告披露适配与ESG评价口径。
E_Q_019,E,气候与排放,碳资产或碳配额交易量,Carbon allowance/credit trading volume,quantitative,number,报告期内碳配额、碳信用或碳资产交易数量。,tCO2e,吨;tCO2e;万元,>=0,碳配额;碳交易;碳资产;CCER,carbon allowances;carbon credits;carbon trading,native_table;text,行业相关,中国碳市场相关披露;IFRS S2,高碳行业和电力行业相关。,P2,disclosed;not_disclosed;not_found;not_applicable,可能以金额或数量披露，需保留原单位。,indicator_schema_v0.1,v0.3,contextual_disclosure,absolute_performance,1,默认适用于全部上市公司；若报告明确说明边界不适用，可进入适用性复核。,optional_or_industry_specific; do_not_penalize_without_applicability_evidence,公司整体/合并范围 > 母公司/总部 > 园区/项目/案例；同一口径优先取报告期最新年度。,native_table > structured_text_table > narrative_exact_value > chart_or_image > manual_review,low,保留标准化单位；评分阶段再做行业分位数或阈值标准化。,industry_specific,E_Q_001,opportunity,纳入碳市场或参与碳交易企业适用,industry_materiality_adjusted,enable only when industry/business boundary is applicable,exclude_from_cross_industry_denominator_unless_applicable,climate_emissions,借鉴MSCI行业实质性、Sustainalytics风险暴露-管理能力、S&P CSA同业比较、FTSE支柱-主题-指标模型；不复制专有权重。,新增主指标/组件/替代/行业适配/评级角色字段，用于区分报告披露适配与ESG评价口径。
E_Q_020,E,气候与排放,气候相关资本投入,Climate-related capital deployment,quantitative,currency,用于低碳转型、节能减排、气候适应等项目的资本投入。,CNY,元;万元;亿元;人民币,>=0,低碳投入;气候投入;转型投资;节能项目投资,climate-related capex;capital deployment,native_table;text,中,IFRS S2,反映转型计划的资源配置。,P2,disclosed;not_disclosed;not_found;not_applicable,首版作为增强字段，证据不足时不强行抽取。,indicator_schema_v0.1,v0.3,contextual_disclosure,investment_or_contribution,2,默认适用于全部上市公司；若报告明确说明边界不适用，可进入适用性复核。,optional_or_industry_specific; do_not_penalize_without_applicability_evidence,公司整体/合并范围 > 母公司/总部 > 园区/项目/案例；同一口径优先取报告期最新年度。,native_table > structured_text_table > narrative_exact_value > chart_or_image > manual_review,low,保留标准化单位；评分阶段再做行业分位数或阈值标准化。,industry_specific,E_Q_001,opportunity,高气候风险或高转型投入行业适用,industry_materiality_adjusted,enable only when industry/business boundary is applicable,exclude_from_cross_industry_denominator_unless_applicable,climate_emissions,借鉴MSCI行业实质性、Sustainalytics风险暴露-管理能力、S&P CSA同业比较、FTSE支柱-主题-指标模型；不复制专有权重。,新增主指标/组件/替代/行业适配/评级角色字段，用于区分报告披露适配与ESG评价口径。
E_T_001,E,气候治理,气候变化战略,Climate strategy,qualitative,text_span,企业关于应对气候变化、低碳转型或绿色发展的战略表述。,,,,气候战略;低碳战略;绿色发展战略;双碳战略,climate strategy;low-carbon strategy,native_text,高,上交所/深交所可持续发展报告指引;IFRS S2,评级通常关注战略可信度和管理措施。,P0,disclosed;not_disclosed;not_found;not_applicable,需要包含战略方向或行动路径，避免只截取口号。,indicator_schema_v0.1,v0.3,presence_maturity,management_presence,3,默认适用于全部上市公司；若报告明确说明边界不适用，可进入适用性复核。,qualitative_absence_requires_review; score_transparency_penalty_if_material,公司整体/合并范围 > 母公司/总部 > 园区/项目/案例；同一口径优先取报告期最新年度。,policy_section > governance_section > management_practice > case_study > index_or_toc,medium,定性项按存在性、制度完整度、目标/责任/绩效闭环分级。,qualitative_support,,management,全行业；按行业实质性调整权重,cross_industry_core,qualitative_support; use for management maturity and evidence explanation,include_in_management_maturity_denominator_when_material,climate_emissions,借鉴MSCI行业实质性、Sustainalytics风险暴露-管理能力、S&P CSA同业比较、FTSE支柱-主题-指标模型；不复制专有权重。,新增主指标/组件/替代/行业适配/评级角色字段，用于区分报告披露适配与ESG评价口径。
E_T_002,E,气候治理,碳中和或减排目标,Carbon neutrality/emission reduction target,qualitative,text_span,企业披露的碳达峰、碳中和、减排或能耗目标。,,,,碳中和目标;碳达峰目标;减排目标;双碳目标,carbon neutrality target;emission reduction target,native_text;mixed,高,IFRS S2;GRI 305,目标披露可用于评估转型管理质量。,P0,disclosed;not_disclosed;not_found;not_applicable,优先保留目标年份、基准年和量化目标。,indicator_schema_v0.1,v0.3,presence_maturity,management_presence,3,默认适用于全部上市公司；若报告明确说明边界不适用，可进入适用性复核。,qualitative_absence_requires_review; score_transparency_penalty_if_material,公司整体/合并范围 > 母公司/总部 > 园区/项目/案例；同一口径优先取报告期最新年度。,policy_section > governance_section > management_practice > case_study > index_or_toc,medium,定性项按存在性、制度完整度、目标/责任/绩效闭环分级。,qualitative_support,,management,全行业；按行业实质性调整权重,cross_industry_core,qualitative_support; use for management maturity and evidence explanation,include_in_management_maturity_denominator_when_material,climate_emissions,借鉴MSCI行业实质性、Sustainalytics风险暴露-管理能力、S&P CSA同业比较、FTSE支柱-主题-指标模型；不复制专有权重。,新增主指标/组件/替代/行业适配/评级角色字段，用于区分报告披露适配与ESG评价口径。
E_T_003,E,气候治理,气候风险管理,Climate risk management,qualitative,text_span,识别、评估、管理气候相关物理风险和转型风险的机制。,,,,气候风险;物理风险;转型风险;气候相关风险,climate risk;physical risk;transition risk,native_text,高,IFRS S2;TCFD,反映气候治理和风险管理成熟度。,P0,disclosed;not_disclosed;not_found;not_applicable,应包含风险识别、评估或应对措施之一。,indicator_schema_v0.1,v0.3,presence_maturity,management_presence,3,默认适用于全部上市公司；若报告明确说明边界不适用，可进入适用性复核。,qualitative_absence_requires_review; score_transparency_penalty_if_material,公司整体/合并范围 > 母公司/总部 > 园区/项目/案例；同一口径优先取报告期最新年度。,policy_section > governance_section > management_practice > case_study > index_or_toc,medium,定性项按存在性、制度完整度、目标/责任/绩效闭环分级。,qualitative_support,,management,全行业；按行业实质性调整权重,cross_industry_core,qualitative_support; use for management maturity and evidence explanation,include_in_management_maturity_denominator_when_material,climate_emissions,借鉴MSCI行业实质性、Sustainalytics风险暴露-管理能力、S&P CSA同业比较、FTSE支柱-主题-指标模型；不复制专有权重。,新增主指标/组件/替代/行业适配/评级角色字段，用于区分报告披露适配与ESG评价口径。
E_T_004,E,气候治理,情景分析披露,Climate scenario analysis,qualitative,text_span,企业是否使用情景分析评估气候影响。,,,,情景分析;气候情景;压力测试,scenario analysis;climate scenario,native_text,中,IFRS S2;TCFD,成熟气候披露的增强项。,P2,disclosed;not_disclosed;not_found;not_applicable,若只提及未来计划，应标记为计划性披露。,indicator_schema_v0.1,v0.3,presence_maturity,management_presence,2,默认适用于全部上市公司；若报告明确说明边界不适用，可进入适用性复核。,optional_or_industry_specific; do_not_penalize_without_applicability_evidence,公司整体/合并范围 > 母公司/总部 > 园区/项目/案例；同一口径优先取报告期最新年度。,policy_section > governance_section > management_practice > case_study > index_or_toc,medium,定性项按存在性、制度完整度、目标/责任/绩效闭环分级。,industry_specific,,management,全行业；按行业实质性调整权重,industry_materiality_adjusted,enable only when industry/business boundary is applicable,exclude_from_cross_industry_denominator_unless_applicable,climate_emissions,借鉴MSCI行业实质性、Sustainalytics风险暴露-管理能力、S&P CSA同业比较、FTSE支柱-主题-指标模型；不复制专有权重。,新增主指标/组件/替代/行业适配/评级角色字段，用于区分报告披露适配与ESG评价口径。
E_T_005,E,环境管理,环境管理体系,Environmental management system,qualitative,text_span,环境管理制度、ISO 14001认证、环保责任体系等。,,,,环境管理体系;ISO14001;环保管理制度;环境合规,environmental management system;ISO 14001,native_text,高,GRI;上交所/深交所可持续发展报告指引,反映管理能力。,P0,disclosed;not_disclosed;not_found;not_applicable,优先截取制度、认证或组织职责。,indicator_schema_v0.1,v0.3,presence_maturity,management_presence,3,默认适用于全部上市公司；若报告明确说明边界不适用，可进入适用性复核。,qualitative_absence_requires_review; score_transparency_penalty_if_material,公司整体/合并范围 > 母公司/总部 > 园区/项目/案例；同一口径优先取报告期最新年度。,policy_section > governance_section > management_practice > case_study > index_or_toc,medium,定性项按存在性、制度完整度、目标/责任/绩效闭环分级。,qualitative_support,,management,全行业；按行业实质性调整权重,cross_industry_core,qualitative_support; use for management maturity and evidence explanation,include_in_management_maturity_denominator_when_material,environment_operations,借鉴MSCI行业实质性、Sustainalytics风险暴露-管理能力、S&P CSA同业比较、FTSE支柱-主题-指标模型；不复制专有权重。,新增主指标/组件/替代/行业适配/评级角色字段，用于区分报告披露适配与ESG评价口径。
E_T_006,E,生态保护,生物多样性保护,Biodiversity protection,qualitative,text_span,生物多样性、生态修复、自然保护相关措施。,,,,生物多样性;生态保护;生态修复;自然保护,biodiversity;ecological restoration,native_text,行业相关,GRI;上交所/深交所可持续发展报告指引,资源、能源、基建行业更重要。,P1,disclosed;not_disclosed;not_found;not_applicable,区分公益植树和业务相关生态影响管理。,indicator_schema_v0.1,v0.3,presence_maturity,management_presence,1,默认适用于全部上市公司；若报告明确说明边界不适用，可进入适用性复核。,optional_or_industry_specific; do_not_penalize_without_applicability_evidence,公司整体/合并范围 > 母公司/总部 > 园区/项目/案例；同一口径优先取报告期最新年度。,policy_section > governance_section > management_practice > case_study > index_or_toc,medium,定性项按存在性、制度完整度、目标/责任/绩效闭环分级。,industry_specific,,management,全行业；按行业实质性调整权重,industry_materiality_adjusted,enable only when industry/business boundary is applicable,exclude_from_cross_industry_denominator_unless_applicable,other,借鉴MSCI行业实质性、Sustainalytics风险暴露-管理能力、S&P CSA同业比较、FTSE支柱-主题-指标模型；不复制专有权重。,新增主指标/组件/替代/行业适配/评级角色字段，用于区分报告披露适配与ESG评价口径。
E_T_007,E,资源循环,循环经济措施,Circular economy practices,qualitative,text_span,资源循环利用、回收再利用、绿色包装、废弃物资源化等措施。,,,,循环经济;资源循环;回收利用;绿色包装,circular economy;recycling;reuse,native_text,中,GRI 306;上交所/深交所可持续发展报告指引,体现资源效率和产品责任。,P1,disclosed;not_disclosed;not_found;not_applicable,尽量保留具体措施而非泛泛承诺。,indicator_schema_v0.1,v0.3,presence_maturity,management_presence,2,默认适用于全部上市公司；若报告明确说明边界不适用，可进入适用性复核。,optional_or_industry_specific; do_not_penalize_without_applicability_evidence,公司整体/合并范围 > 母公司/总部 > 园区/项目/案例；同一口径优先取报告期最新年度。,policy_section > governance_section > management_practice > case_study > index_or_toc,medium,定性项按存在性、制度完整度、目标/责任/绩效闭环分级。,qualitative_support,,management,全行业；按行业实质性调整权重,common_optional,qualitative_support; use for management maturity and evidence explanation,include_in_management_maturity_denominator_when_material,environment_operations,借鉴MSCI行业实质性、Sustainalytics风险暴露-管理能力、S&P CSA同业比较、FTSE支柱-主题-指标模型；不复制专有权重。,新增主指标/组件/替代/行业适配/评级角色字段，用于区分报告披露适配与ESG评价口径。
E_T_008,E,供应链环境,绿色供应链管理,Green supply chain management,qualitative,text_span,将环境要求纳入采购、供应商评价或供应链管理。,,,,绿色供应链;绿色采购;供应商环保;供应链环境管理,green supply chain;green procurement,native_text,中,上交所/深交所可持续发展报告指引;GRI 308,与供应链管理和间接环境影响相关。,P1,disclosed;not_disclosed;not_found;not_applicable,若只披露供应商管理但无环境要求，应转到社会供应链指标。,indicator_schema_v0.1,v0.3,presence_maturity,management_presence,2,默认适用于全部上市公司；若报告明确说明边界不适用，可进入适用性复核。,optional_or_industry_specific; do_not_penalize_without_applicability_evidence,公司整体/合并范围 > 母公司/总部 > 园区/项目/案例；同一口径优先取报告期最新年度。,policy_section > governance_section > management_practice > case_study > index_or_toc,medium,定性项按存在性、制度完整度、目标/责任/绩效闭环分级。,industry_specific,,management,全行业；按行业实质性调整权重,industry_materiality_adjusted,enable only when industry/business boundary is applicable,exclude_from_cross_industry_denominator_unless_applicable,other,借鉴MSCI行业实质性、Sustainalytics风险暴露-管理能力、S&P CSA同业比较、FTSE支柱-主题-指标模型；不复制专有权重。,新增主指标/组件/替代/行业适配/评级角色字段，用于区分报告披露适配与ESG评价口径。
E_T_009,E,污染防治,污染防治措施,Pollution prevention measures,qualitative,text_span,废气、废水、固废、噪声等污染防治制度和行动。,,,,污染防治;废气治理;废水治理;固废治理;排放达标,pollution prevention;emissions control,native_text,高,上交所/深交所可持续发展报告指引;HKEX ESG Guide A1,重污染行业关键管理项。,P0,disclosed;not_disclosed;not_found;not_applicable,优先保留具体治理设施、达标情况或整改措施。,indicator_schema_v0.1,v0.3,presence_maturity,management_presence,3,适用于存在危险废物、污染物排放或生产运营环境影响的企业；金融/轻资产企业可标记不适用或仅定性披露。,qualitative_absence_requires_review; score_transparency_penalty_if_material,公司整体/合并范围 > 母公司/总部 > 园区/项目/案例；同一口径优先取报告期最新年度。,policy_section > governance_section > management_practice > case_study > index_or_toc,medium,定性项按存在性、制度完整度、目标/责任/绩效闭环分级。,qualitative_support,,management,全行业；按行业实质性调整权重,cross_industry_core,qualitative_support; use for management maturity and evidence explanation,include_in_management_maturity_denominator_when_material,environment_operations,借鉴MSCI行业实质性、Sustainalytics风险暴露-管理能力、S&P CSA同业比较、FTSE支柱-主题-指标模型；不复制专有权重。,新增主指标/组件/替代/行业适配/评级角色字段，用于区分报告披露适配与ESG评价口径。
E_T_010,E,水资源,水资源风险管理,Water risk management,qualitative,text_span,水资源节约、用水效率、缺水地区风险、污水处理等管理措施。,,,,水资源管理;节水;水风险;污水处理,water management;water risk,native_text,中,GRI 303,水压力行业和地区重要。,P1,disclosed;not_disclosed;not_found;not_applicable,区分节水行动和废水治理。,indicator_schema_v0.1,v0.3,presence_maturity,management_presence,2,默认适用于全部上市公司；若报告明确说明边界不适用，可进入适用性复核。,optional_or_industry_specific; do_not_penalize_without_applicability_evidence,公司整体/合并范围 > 母公司/总部 > 园区/项目/案例；同一口径优先取报告期最新年度。,policy_section > governance_section > management_practice > case_study > index_or_toc,medium,定性项按存在性、制度完整度、目标/责任/绩效闭环分级。,industry_specific,,management,全行业；按行业实质性调整权重,industry_materiality_adjusted,enable only when industry/business boundary is applicable,exclude_from_cross_industry_denominator_unless_applicable,environment_operations,借鉴MSCI行业实质性、Sustainalytics风险暴露-管理能力、S&P CSA同业比较、FTSE支柱-主题-指标模型；不复制专有权重。,新增主指标/组件/替代/行业适配/评级角色字段，用于区分报告披露适配与ESG评价口径。
S_Q_001,S,员工,员工总数,Total employees,quantitative,integer,报告期末或报告期内企业员工总人数。,person,人;名;员工数,>=0,员工总数;雇员总数;员工人数;在职员工,total employees;number of employees,native_table;mixed,高,GRI 2;GRI 401;HKEX ESG Guide B1,人力资本基础规模指标。,P0,disclosed;not_disclosed;not_found;not_applicable,优先报告期末人数，注明是否含劳务派遣。,indicator_schema_v0.1,v0.3,contextual_disclosure,absolute_performance,3,默认适用于全部上市公司；若报告明确说明边界不适用，可进入适用性复核。,not_disclosed_requires_review; score_transparency_penalty_if_applicable,公司整体/合并范围 > 母公司/总部 > 园区/项目/案例；同一口径优先取报告期最新年度。,native_table > structured_text_table > narrative_exact_value > chart_or_image > manual_review,medium,保留标准化单位；评分阶段再做行业分位数或阈值标准化。,core,,performance,全行业；按行业实质性调整权重,cross_industry_core,"primary_indicator; if missing, check explicit not_disclosed and alternative indicators",include_when_applicable,human_capital,借鉴MSCI行业实质性、Sustainalytics风险暴露-管理能力、S&P CSA同业比较、FTSE支柱-主题-指标模型；不复制专有权重。,新增主指标/组件/替代/行业适配/评级角色字段，用于区分报告披露适配与ESG评价口径。
S_Q_002,S,员工,女性员工比例,Female employee ratio,quantitative,percentage,女性员工占员工总数比例。,%,%;百分比;比例,0-100,女性员工占比;女员工比例;女性雇员比例,female employee ratio;women employees,native_table;mixed,中,GRI 405;HKEX ESG Guide B1,多元化基础指标。,P0,disclosed;not_disclosed;not_found;not_applicable,如果只披露男女员工人数，可由后处理计算，但保留原始证据。,indicator_schema_v0.1,v0.3,higher_is_better,ratio_performance,2,默认适用于全部上市公司；若报告明确说明边界不适用，可进入适用性复核。,not_disclosed_requires_review; score_transparency_penalty_if_applicable,公司整体/合并范围 > 母公司/总部 > 园区/项目/案例；同一口径优先取报告期最新年度。,native_table > structured_text_table > narrative_exact_value > chart_or_image > manual_review,low,保留标准化单位；评分阶段再做行业分位数或阈值标准化。,core,,performance,全行业；按行业实质性调整权重,cross_industry_core,"primary_indicator; if missing, check explicit not_disclosed and alternative indicators",include_when_applicable,human_capital,借鉴MSCI行业实质性、Sustainalytics风险暴露-管理能力、S&P CSA同业比较、FTSE支柱-主题-指标模型；不复制专有权重。,新增主指标/组件/替代/行业适配/评级角色字段，用于区分报告披露适配与ESG评价口径。
S_Q_003,S,员工,女性管理层比例,Female management ratio,quantitative,percentage,女性管理层或女性干部占管理层比例。,%,%;百分比;比例,0-100,女性管理层;女性干部;女性高管比例,female management ratio;women in management,native_table;text,中,GRI 405,衡量多元化在管理层的体现。,P1,disclosed;not_disclosed;not_found;not_applicable,管理层口径需记录原文。,indicator_schema_v0.1,v0.3,contextual_disclosure,ratio_performance,2,默认适用于全部上市公司；若报告明确说明边界不适用，可进入适用性复核。,optional_or_industry_specific; do_not_penalize_without_applicability_evidence,公司整体/合并范围 > 母公司/总部 > 园区/项目/案例；同一口径优先取报告期最新年度。,native_table > structured_text_table > narrative_exact_value > chart_or_image > manual_review,low,保留标准化单位；评分阶段再做行业分位数或阈值标准化。,alternative,S_Q_002,performance,全行业；按行业实质性调整权重,common_optional,"alternative_to:S_Q_002; record as alternative_disclosed, do not overwrite primary indicator",exclude_from_primary_denominator; count in alternative_disclosure_coverage,human_capital,借鉴MSCI行业实质性、Sustainalytics风险暴露-管理能力、S&P CSA同业比较、FTSE支柱-主题-指标模型；不复制专有权重。,新增主指标/组件/替代/行业适配/评级角色字段，用于区分报告披露适配与ESG评价口径。
S_Q_004,S,培训,员工培训总时长,Total employee training hours,quantitative,number,报告期内员工培训总小时数。,hour,小时;学时;人时;小时数,>=0,培训总时长;培训小时;员工培训学时;培训人时,training hours;total training hours,native_table;mixed,中,GRI 404;HKEX ESG Guide B3,反映人力资本发展投入。,P0,disclosed;not_disclosed;not_found;not_applicable,区分总时长、人均时长和培训人次。,indicator_schema_v0.1,v0.3,higher_is_better,absolute_performance,2,默认适用于全部上市公司；若报告明确说明边界不适用，可进入适用性复核。,not_disclosed_requires_review; score_transparency_penalty_if_applicable,公司整体/合并范围 > 母公司/总部 > 园区/项目/案例；同一口径优先取报告期最新年度。,native_table > structured_text_table > narrative_exact_value > chart_or_image > manual_review,high,优先保留小时/人时；可换算人均培训强度。,core,,performance,全行业；按行业实质性调整权重,cross_industry_core,"primary_indicator; if missing, check explicit not_disclosed and alternative indicators",include_when_applicable,human_capital,借鉴MSCI行业实质性、Sustainalytics风险暴露-管理能力、S&P CSA同业比较、FTSE支柱-主题-指标模型；不复制专有权重。,新增主指标/组件/替代/行业适配/评级角色字段，用于区分报告披露适配与ESG评价口径。
S_Q_005,S,培训,人均培训时长,Average training hours per employee,quantitative,number,员工平均接受培训小时数。,hour/person,小时/人;学时/人;小时,>=0,人均培训时长;平均培训小时;员工平均培训,average training hours,native_table;mixed,中,GRI 404;HKEX ESG Guide B3,用于比较培训覆盖深度。,P0,disclosed;not_disclosed;not_found;not_applicable,若由总时长和员工数计算，应标注为derived。,indicator_schema_v0.1,v0.3,higher_is_better,absolute_performance,2,默认适用于全部上市公司；若报告明确说明边界不适用，可进入适用性复核。,not_disclosed_requires_review; score_transparency_penalty_if_applicable,公司整体/合并范围 > 母公司/总部 > 园区/项目/案例；同一口径优先取报告期最新年度。,native_table > structured_text_table > narrative_exact_value > chart_or_image > manual_review,low,优先保留小时/人时；可换算人均培训强度。,alternative,S_Q_004,performance,全行业；按行业实质性调整权重,cross_industry_core,"alternative_to:S_Q_004; record as alternative_disclosed, do not overwrite primary indicator",exclude_from_primary_denominator; count in alternative_disclosure_coverage,human_capital,借鉴MSCI行业实质性、Sustainalytics风险暴露-管理能力、S&P CSA同业比较、FTSE支柱-主题-指标模型；不复制专有权重。,新增主指标/组件/替代/行业适配/评级角色字段，用于区分报告披露适配与ESG评价口径。
S_Q_006,S,培训,员工培训覆盖率,Training coverage rate,quantitative,percentage,报告期内接受培训员工占比。,%,%;百分比;比例,0-100,培训覆盖率;受训员工比例;培训参与率,training coverage;employees trained,native_table;text,中,GRI 404;HKEX ESG Guide B3,反映培训普及程度。,P1,disclosed;not_disclosed;not_found;not_applicable,注意按员工类别披露时需明确分母。,indicator_schema_v0.1,v0.3,higher_is_better,ratio_performance,2,默认适用于全部上市公司；若报告明确说明边界不适用，可进入适用性复核。,optional_or_industry_specific; do_not_penalize_without_applicability_evidence,公司整体/合并范围 > 母公司/总部 > 园区/项目/案例；同一口径优先取报告期最新年度。,native_table > structured_text_table > narrative_exact_value > chart_or_image > manual_review,low,保留标准化单位；评分阶段再做行业分位数或阈值标准化。,alternative,S_Q_004,performance,全行业；按行业实质性调整权重,common_optional,"alternative_to:S_Q_004; record as alternative_disclosed, do not overwrite primary indicator",exclude_from_primary_denominator; count in alternative_disclosure_coverage,human_capital,借鉴MSCI行业实质性、Sustainalytics风险暴露-管理能力、S&P CSA同业比较、FTSE支柱-主题-指标模型；不复制专有权重。,新增主指标/组件/替代/行业适配/评级角色字段，用于区分报告披露适配与ESG评价口径。
S_Q_007,S,员工流动,员工流失率,Employee turnover rate,quantitative,percentage,报告期内员工离职或流失比例。,%,%;百分比;比例,0-100,员工流失率;离职率;员工流动率,employee turnover rate;staff turnover,native_table;text,中,GRI 401;HKEX ESG Guide B1,衡量员工稳定性。,P1,disclosed;not_disclosed;not_found;not_applicable,按年龄/性别/地区分拆时优先整体值。,indicator_schema_v0.1,v0.3,higher_is_better,ratio_performance,2,默认适用于全部上市公司；若报告明确说明边界不适用，可进入适用性复核。,optional_or_industry_specific; do_not_penalize_without_applicability_evidence,公司整体/合并范围 > 母公司/总部 > 园区/项目/案例；同一口径优先取报告期最新年度。,native_table > structured_text_table > narrative_exact_value > chart_or_image > manual_review,low,保留标准化单位；评分阶段再做行业分位数或阈值标准化。,core,,performance,全行业；按行业实质性调整权重,common_optional,"primary_indicator; if missing, check explicit not_disclosed and alternative indicators",include_when_applicable,human_capital,借鉴MSCI行业实质性、Sustainalytics风险暴露-管理能力、S&P CSA同业比较、FTSE支柱-主题-指标模型；不复制专有权重。,新增主指标/组件/替代/行业适配/评级角色字段，用于区分报告披露适配与ESG评价口径。
S_Q_008,S,健康安全,工伤率,Work injury rate,quantitative,number,工伤、损失工时伤害或可记录事故发生率。,rate,%;‰;每百万工时;起/百万人时,>=0,工伤率;工伤事故率;损失工时伤害率;LTIFR,injury rate;lost time injury frequency rate;LTIFR,native_table;mixed,高,GRI 403;HKEX ESG Guide B2,安全风险行业关键指标。,P0,disclosed;not_disclosed;not_found;not_applicable,不同事故率口径不能直接混用，保留原单位。,indicator_schema_v0.1,v0.3,lower_is_better,absolute_performance,3,适用于有员工或承包商安全管理边界的企业；无生产作业仍应核查是否披露员工安全事件。,not_disclosed_requires_review; score_transparency_penalty_if_applicable,公司整体/合并范围 > 母公司/总部 > 园区/项目/案例；同一口径优先取报告期最新年度。,native_table > structured_text_table > narrative_exact_value > chart_or_image > manual_review,medium,保留标准化单位；评分阶段再做行业分位数或阈值标准化。,core,,performance,全行业；按行业实质性调整权重,cross_industry_core,"primary_indicator; if missing, check explicit not_disclosed and alternative indicators",include_when_applicable,human_capital,借鉴MSCI行业实质性、Sustainalytics风险暴露-管理能力、S&P CSA同业比较、FTSE支柱-主题-指标模型；不复制专有权重。,新增主指标/组件/替代/行业适配/评级角色字段，用于区分报告披露适配与ESG评价口径。
S_Q_009,S,健康安全,因工死亡人数,Work-related fatalities,quantitative,integer,报告期内因工死亡人数。,person,人;名,>=0,因工死亡;工亡人数;死亡事故,work-related fatalities;fatalities,native_table;text,高,GRI 403;HKEX ESG Guide B2,重大安全负面事件。,P0,disclosed;not_disclosed;not_found;not_applicable,若报告披露为0也应记录为disclosed。,indicator_schema_v0.1,v0.3,lower_is_better,risk_event,3,适用于有员工或承包商安全管理边界的企业；无生产作业仍应核查是否披露员工安全事件。,not_disclosed_requires_review; score_transparency_penalty_if_applicable,公司整体/合并范围 > 母公司/总部 > 园区/项目/案例；同一口径优先取报告期最新年度。,native_table > structured_text_table > narrative_exact_value > chart_or_image > manual_review,medium,保留标准化单位；评分阶段再做行业分位数或阈值标准化。,core,,performance,全行业；按行业实质性调整权重,cross_industry_core,"primary_indicator; if missing, check explicit not_disclosed and alternative indicators",include_when_applicable,human_capital,借鉴MSCI行业实质性、Sustainalytics风险暴露-管理能力、S&P CSA同业比较、FTSE支柱-主题-指标模型；不复制专有权重。,新增主指标/组件/替代/行业适配/评级角色字段，用于区分报告披露适配与ESG评价口径。
S_Q_010,S,健康安全,安全培训人次,Safety training participants,quantitative,integer,参加安全生产或职业健康安全培训的人次。,person-time,人次;人;次,>=0,安全培训人次;职业健康培训;安全教育培训,safety training participants;OHS training,native_table;text,中,GRI 403,安全管理投入指标。,P1,disclosed;not_disclosed;not_found;not_applicable,人次和人数需区分。,indicator_schema_v0.1,v0.3,higher_is_better,absolute_performance,2,默认适用于全部上市公司；若报告明确说明边界不适用，可进入适用性复核。,optional_or_industry_specific; do_not_penalize_without_applicability_evidence,公司整体/合并范围 > 母公司/总部 > 园区/项目/案例；同一口径优先取报告期最新年度。,native_table > structured_text_table > narrative_exact_value > chart_or_image > manual_review,low,保留标准化单位；评分阶段再做行业分位数或阈值标准化。,alternative,S_Q_008,performance,全行业；按行业实质性调整权重,common_optional,"alternative_to:S_Q_008; record as alternative_disclosed, do not overwrite primary indicator",exclude_from_primary_denominator; count in alternative_disclosure_coverage,human_capital,借鉴MSCI行业实质性、Sustainalytics风险暴露-管理能力、S&P CSA同业比较、FTSE支柱-主题-指标模型；不复制专有权重。,新增主指标/组件/替代/行业适配/评级角色字段，用于区分报告披露适配与ESG评价口径。
S_Q_011,S,研发创新,研发投入金额,R&D expenditure,quantitative,currency,报告期内研发投入金额。,CNY,元;万元;亿元;人民币,>=0,研发投入;研发费用;研发支出,R&D expenditure;research and development expenses,native_table;text,行业相关,上交所/深交所可持续发展报告指引,创新能力对科技、制造、医药行业重要。,P1,disclosed;not_disclosed;not_found;not_applicable,可与年报财务口径交叉验证。,indicator_schema_v0.1,v0.3,higher_is_better,investment_or_contribution,1,默认适用于全部上市公司；若报告明确说明边界不适用，可进入适用性复核。,optional_or_industry_specific; do_not_penalize_without_applicability_evidence,公司整体/合并范围 > 母公司/总部 > 园区/项目/案例；同一口径优先取报告期最新年度。,native_table > structured_text_table > narrative_exact_value > chart_or_image > manual_review,low,保留标准化单位；评分阶段再做行业分位数或阈值标准化。,core,,performance,全行业；按行业实质性调整权重,common_optional,"primary_indicator; if missing, check explicit not_disclosed and alternative indicators",include_when_applicable,other,借鉴MSCI行业实质性、Sustainalytics风险暴露-管理能力、S&P CSA同业比较、FTSE支柱-主题-指标模型；不复制专有权重。,新增主指标/组件/替代/行业适配/评级角色字段，用于区分报告披露适配与ESG评价口径。
S_Q_012,S,研发创新,研发人员数量,R&D employees,quantitative,integer,报告期末研发人员数量。,person,人;名,>=0,研发人员;研发员工;技术人员,R&D employees;research staff,native_table;text,行业相关,上交所/深交所可持续发展报告指引,创新投入的人力口径。,P1,disclosed;not_disclosed;not_found;not_applicable,注意技术人员不一定等同研发人员。,indicator_schema_v0.1,v0.3,higher_is_better,absolute_performance,1,默认适用于全部上市公司；若报告明确说明边界不适用，可进入适用性复核。,optional_or_industry_specific; do_not_penalize_without_applicability_evidence,公司整体/合并范围 > 母公司/总部 > 园区/项目/案例；同一口径优先取报告期最新年度。,native_table > structured_text_table > narrative_exact_value > chart_or_image > manual_review,low,保留标准化单位；评分阶段再做行业分位数或阈值标准化。,alternative,S_Q_011,performance,全行业；按行业实质性调整权重,common_optional,"alternative_to:S_Q_011; record as alternative_disclosed, do not overwrite primary indicator",exclude_from_primary_denominator; count in alternative_disclosure_coverage,other,借鉴MSCI行业实质性、Sustainalytics风险暴露-管理能力、S&P CSA同业比较、FTSE支柱-主题-指标模型；不复制专有权重。,新增主指标/组件/替代/行业适配/评级角色字段，用于区分报告披露适配与ESG评价口径。
S_Q_013,S,供应链,供应商总数,Total suppliers,quantitative,integer,报告期内合作或在库供应商数量。,supplier,家;个;名,>=0,供应商总数;供应商数量;合作供应商,total suppliers;number of suppliers,native_table;text,中,GRI 2;HKEX ESG Guide B5,供应链管理基础规模指标。,P1,disclosed;not_disclosed;not_found;not_applicable,区分境内/境外或分级供应商时保留整体值。,indicator_schema_v0.1,v0.3,higher_is_better,absolute_performance,2,默认适用于全部上市公司；若报告明确说明边界不适用，可进入适用性复核。,optional_or_industry_specific; do_not_penalize_without_applicability_evidence,公司整体/合并范围 > 母公司/总部 > 园区/项目/案例；同一口径优先取报告期最新年度。,native_table > structured_text_table > narrative_exact_value > chart_or_image > manual_review,low,保留标准化单位；评分阶段再做行业分位数或阈值标准化。,core,,performance,全行业；按行业实质性调整权重,common_optional,"primary_indicator; if missing, check explicit not_disclosed and alternative indicators",include_when_applicable,social_value_chain,借鉴MSCI行业实质性、Sustainalytics风险暴露-管理能力、S&P CSA同业比较、FTSE支柱-主题-指标模型；不复制专有权重。,新增主指标/组件/替代/行业适配/评级角色字段，用于区分报告披露适配与ESG评价口径。
S_Q_014,S,供应链,供应商ESG审核数量,Supplier ESG audits,quantitative,integer,报告期内开展 ESG、环境、社会、质量或合规审核的供应商数量。,supplier,家;次;个,>=0,供应商审核;供应商ESG评估;供应商审查,supplier ESG audits;supplier assessments,native_table;text,中,GRI 308;GRI 414;HKEX ESG Guide B5,反映供应链管理执行情况。,P1,disclosed;not_disclosed;not_found;not_applicable,数量可能按家或次披露，需记录原单位。,indicator_schema_v0.1,v0.3,higher_is_better,absolute_performance,2,默认适用于全部上市公司；若报告明确说明边界不适用，可进入适用性复核。,optional_or_industry_specific; do_not_penalize_without_applicability_evidence,公司整体/合并范围 > 母公司/总部 > 园区/项目/案例；同一口径优先取报告期最新年度。,native_table > structured_text_table > narrative_exact_value > chart_or_image > manual_review,low,保留标准化单位；评分阶段再做行业分位数或阈值标准化。,alternative,S_Q_013,performance,全行业；按行业实质性调整权重,common_optional,"alternative_to:S_Q_013; record as alternative_disclosed, do not overwrite primary indicator",exclude_from_primary_denominator; count in alternative_disclosure_coverage,social_value_chain,借鉴MSCI行业实质性、Sustainalytics风险暴露-管理能力、S&P CSA同业比较、FTSE支柱-主题-指标模型；不复制专有权重。,新增主指标/组件/替代/行业适配/评级角色字段，用于区分报告披露适配与ESG评价口径。
S_Q_015,S,客户,客户投诉数量,Customer complaints,quantitative,integer,报告期内收到客户投诉数量。,case,件;宗;起;次,>=0,客户投诉;消费者投诉;投诉数量,customer complaints;complaints received,native_table;text,行业相关,HKEX ESG Guide B6;GRI 418,产品服务质量和客户权益指标。,P1,disclosed;not_disclosed;not_found;not_applicable,金融、消费、医药等行业更重要。,indicator_schema_v0.1,v0.3,higher_is_better,absolute_performance,1,默认适用于全部上市公司；若报告明确说明边界不适用，可进入适用性复核。,optional_or_industry_specific; do_not_penalize_without_applicability_evidence,公司整体/合并范围 > 母公司/总部 > 园区/项目/案例；同一口径优先取报告期最新年度。,native_table > structured_text_table > narrative_exact_value > chart_or_image > manual_review,low,保留标准化单位；评分阶段再做行业分位数或阈值标准化。,core,,performance,全行业；按行业实质性调整权重,common_optional,"primary_indicator; if missing, check explicit not_disclosed and alternative indicators",include_when_applicable,social_value_chain,借鉴MSCI行业实质性、Sustainalytics风险暴露-管理能力、S&P CSA同业比较、FTSE支柱-主题-指标模型；不复制专有权重。,新增主指标/组件/替代/行业适配/评级角色字段，用于区分报告披露适配与ESG评价口径。
S_Q_016,S,客户,客户投诉解决率,Complaint resolution rate,quantitative,percentage,客户投诉处理或解决比例。,%,%;百分比;比例,0-100,投诉解决率;投诉处理率;客户投诉办结率,complaint resolution rate,native_table;text,行业相关,HKEX ESG Guide B6,反映客户服务闭环能力。,P1,disclosed;not_disclosed;not_found;not_applicable,若只披露处理机制而无比例，进入定性指标。,indicator_schema_v0.1,v0.3,higher_is_better,ratio_performance,1,默认适用于全部上市公司；若报告明确说明边界不适用，可进入适用性复核。,optional_or_industry_specific; do_not_penalize_without_applicability_evidence,公司整体/合并范围 > 母公司/总部 > 园区/项目/案例；同一口径优先取报告期最新年度。,native_table > structured_text_table > narrative_exact_value > chart_or_image > manual_review,low,保留标准化单位；评分阶段再做行业分位数或阈值标准化。,alternative,S_Q_015,performance,全行业；按行业实质性调整权重,common_optional,"alternative_to:S_Q_015; record as alternative_disclosed, do not overwrite primary indicator",exclude_from_primary_denominator; count in alternative_disclosure_coverage,social_value_chain,借鉴MSCI行业实质性、Sustainalytics风险暴露-管理能力、S&P CSA同业比较、FTSE支柱-主题-指标模型；不复制专有权重。,新增主指标/组件/替代/行业适配/评级角色字段，用于区分报告披露适配与ESG评价口径。
S_Q_017,S,社区,公益捐赠或社区投入,Community investment/donation,quantitative,currency,报告期内公益捐赠、社区投入、乡村振兴投入金额。,CNY,元;万元;亿元;人民币,>=0,公益捐赠;社会公益投入;社区投入;乡村振兴投入,community investment;donations,native_table;text,中,GRI 413;HKEX ESG Guide B8,社会贡献展示常见指标。,P0,disclosed;not_disclosed;not_found;not_applicable,区分公益捐赠、扶贫投入和商业赞助。,indicator_schema_v0.1,v0.3,higher_is_better,investment_or_contribution,2,默认适用于全部上市公司；若报告明确说明边界不适用，可进入适用性复核。,not_disclosed_requires_review; score_transparency_penalty_if_applicable,公益捐赠/社区投入总金额 > 乡村振兴投入 > 单一项目投入 > 志愿服务时长,native_table > structured_text_table > narrative_exact_value > chart_or_image > manual_review,high,统一到万元；评分时可结合营业收入或利润规模标准化。,core,,performance,全行业；按行业实质性调整权重,cross_industry_core,"primary_indicator; if missing, check explicit not_disclosed and alternative indicators",include_when_applicable,social_value_chain,借鉴MSCI行业实质性、Sustainalytics风险暴露-管理能力、S&P CSA同业比较、FTSE支柱-主题-指标模型；不复制专有权重。,新增主指标/组件/替代/行业适配/评级角色字段，用于区分报告披露适配与ESG评价口径。
S_Q_018,S,隐私安全,数据泄露或信息安全事件数量,Data breach/cybersecurity incidents,quantitative,integer,报告期内披露的数据泄露、隐私或重大信息安全事件数量。,case,件;起;宗;次,>=0,数据泄露;信息安全事件;隐私泄露;网络安全事件,data breaches;cybersecurity incidents,native_table;text,行业相关,GRI 418;上交所/深交所可持续发展报告指引,金融、互联网、医药等数据密集行业重要。,P1,disclosed;not_disclosed;not_found;not_applicable,未发生事件且明确披露为0，应记录为disclosed。,indicator_schema_v0.1,v0.3,contextual_disclosure,absolute_performance,1,默认适用于全部上市公司；若报告明确说明边界不适用，可进入适用性复核。,optional_or_industry_specific; do_not_penalize_without_applicability_evidence,公司整体/合并范围 > 母公司/总部 > 园区/项目/案例；同一口径优先取报告期最新年度。,native_table > structured_text_table > narrative_exact_value > chart_or_image > manual_review,low,保留标准化单位；评分阶段再做行业分位数或阈值标准化。,industry_specific,,performance,互联网、金融、通信、软件、平台型企业优先,industry_materiality_adjusted,enable only when industry/business boundary is applicable,exclude_from_cross_industry_denominator_unless_applicable,social_value_chain,借鉴MSCI行业实质性、Sustainalytics风险暴露-管理能力、S&P CSA同业比较、FTSE支柱-主题-指标模型；不复制专有权重。,新增主指标/组件/替代/行业适配/评级角色字段，用于区分报告披露适配与ESG评价口径。
S_Q_019,S,产品责任,产品召回数量,Product recalls,quantitative,integer,报告期内产品召回事件或批次数量。,case,件;起;批次;次,>=0,产品召回;召回事件;缺陷产品,product recalls;recall incidents,native_table;text,行业相关,HKEX ESG Guide B6;GRI 416,消费品、汽车、医药等行业重要。,P2,disclosed;not_disclosed;not_found;not_applicable,若报告只披露无召回，应记录为0或定性证据。,indicator_schema_v0.1,v0.3,contextual_disclosure,absolute_performance,1,默认适用于全部上市公司；若报告明确说明边界不适用，可进入适用性复核。,optional_or_industry_specific; do_not_penalize_without_applicability_evidence,公司整体/合并范围 > 母公司/总部 > 园区/项目/案例；同一口径优先取报告期最新年度。,native_table > structured_text_table > narrative_exact_value > chart_or_image > manual_review,low,保留标准化单位；评分阶段再做行业分位数或阈值标准化。,industry_specific,,performance,制造业、汽车、医药、消费品等产品责任行业优先,industry_materiality_adjusted,enable only when industry/business boundary is applicable,exclude_from_cross_industry_denominator_unless_applicable,social_value_chain,借鉴MSCI行业实质性、Sustainalytics风险暴露-管理能力、S&P CSA同业比较、FTSE支柱-主题-指标模型；不复制专有权重。,新增主指标/组件/替代/行业适配/评级角色字段，用于区分报告披露适配与ESG评价口径。
S_Q_020,S,纳税贡献,纳税总额,Total tax paid,quantitative,currency,报告期内企业披露的纳税总额。,CNY,元;万元;亿元;人民币,>=0,纳税总额;缴纳税费;税收贡献,tax paid;total tax contribution,native_table;text,低,GRI 207;社会贡献类披露,可作为社会贡献分析，不作为核心ESG管理指标。,P2,disclosed;not_disclosed;not_found;not_applicable,与财报税费口径可能不同，保留原文。,indicator_schema_v0.1,v0.3,contextual_disclosure,investment_or_contribution,1,默认适用于全部上市公司；若报告明确说明边界不适用，可进入适用性复核。,optional_or_industry_specific; do_not_penalize_without_applicability_evidence,公司整体/合并范围 > 母公司/总部 > 园区/项目/案例；同一口径优先取报告期最新年度。,native_table > structured_text_table > narrative_exact_value > chart_or_image > manual_review,low,保留标准化单位；评分阶段再做行业分位数或阈值标准化。,industry_specific,,performance,全行业可披露；财政贡献分析场景适用,industry_materiality_adjusted,enable only when industry/business boundary is applicable,exclude_from_cross_industry_denominator_unless_applicable,other,借鉴MSCI行业实质性、Sustainalytics风险暴露-管理能力、S&P CSA同业比较、FTSE支柱-主题-指标模型；不复制专有权重。,新增主指标/组件/替代/行业适配/评级角色字段，用于区分报告披露适配与ESG评价口径。
S_T_001,S,员工权益,员工权益保护政策,Employee rights policy,qualitative,text_span,劳动合同、薪酬福利、员工沟通、民主管理等员工权益政策。,,,,员工权益;劳动权益;薪酬福利;员工关怀,employee rights;labor rights,native_text,高,GRI 401;HKEX ESG Guide B1,人力资本管理基础项。,P0,disclosed;not_disclosed;not_found;not_applicable,优先保留具体制度或机制。,indicator_schema_v0.1,v0.3,presence_maturity,management_presence,3,默认适用于全部上市公司；若报告明确说明边界不适用，可进入适用性复核。,qualitative_absence_requires_review; score_transparency_penalty_if_material,公司整体/合并范围 > 母公司/总部 > 园区/项目/案例；同一口径优先取报告期最新年度。,policy_section > governance_section > management_practice > case_study > index_or_toc,medium,定性项按存在性、制度完整度、目标/责任/绩效闭环分级。,qualitative_support,,management,全行业；按行业实质性调整权重,cross_industry_core,qualitative_support; use for management maturity and evidence explanation,include_in_management_maturity_denominator_when_material,human_capital,借鉴MSCI行业实质性、Sustainalytics风险暴露-管理能力、S&P CSA同业比较、FTSE支柱-主题-指标模型；不复制专有权重。,新增主指标/组件/替代/行业适配/评级角色字段，用于区分报告披露适配与ESG评价口径。
S_T_002,S,健康安全,职业健康安全管理体系,Occupational health and safety system,qualitative,text_span,职业健康安全制度、ISO 45001、安全生产责任制等。,,,,职业健康安全;安全生产;ISO45001;安全管理体系,occupational health and safety;ISO 45001,native_text,高,GRI 403;HKEX ESG Guide B2,安全风险行业关键管理项。,P0,disclosed;not_disclosed;not_found;not_applicable,应包含制度、认证、培训或风险管控措施。,indicator_schema_v0.1,v0.3,presence_maturity,management_presence,3,默认适用于全部上市公司；若报告明确说明边界不适用，可进入适用性复核。,qualitative_absence_requires_review; score_transparency_penalty_if_material,公司整体/合并范围 > 母公司/总部 > 园区/项目/案例；同一口径优先取报告期最新年度。,policy_section > governance_section > management_practice > case_study > index_or_toc,medium,定性项按存在性、制度完整度、目标/责任/绩效闭环分级。,qualitative_support,,management,全行业；按行业实质性调整权重,cross_industry_core,qualitative_support; use for management maturity and evidence explanation,include_in_management_maturity_denominator_when_material,human_capital,借鉴MSCI行业实质性、Sustainalytics风险暴露-管理能力、S&P CSA同业比较、FTSE支柱-主题-指标模型；不复制专有权重。,新增主指标/组件/替代/行业适配/评级角色字段，用于区分报告披露适配与ESG评价口径。
S_T_003,S,多元平等,多元化与平等机会政策,Diversity and equal opportunity policy,qualitative,text_span,反歧视、多元化、平等就业、女性发展等政策。,,,,多元化;平等机会;反歧视;女性发展,diversity;equal opportunity;non-discrimination,native_text,中,GRI 405;GRI 406,用于评估人力资本管理质量。,P1,disclosed;not_disclosed;not_found;not_applicable,泛泛宣传语需谨慎，优先制度或行动。,indicator_schema_v0.1,v0.3,presence_maturity,management_presence,2,默认适用于全部上市公司；若报告明确说明边界不适用，可进入适用性复核。,optional_or_industry_specific; do_not_penalize_without_applicability_evidence,公司整体/合并范围 > 母公司/总部 > 园区/项目/案例；同一口径优先取报告期最新年度。,policy_section > governance_section > management_practice > case_study > index_or_toc,medium,定性项按存在性、制度完整度、目标/责任/绩效闭环分级。,qualitative_support,,management,全行业；按行业实质性调整权重,common_optional,qualitative_support; use for management maturity and evidence explanation,include_in_management_maturity_denominator_when_material,human_capital,借鉴MSCI行业实质性、Sustainalytics风险暴露-管理能力、S&P CSA同业比较、FTSE支柱-主题-指标模型；不复制专有权重。,新增主指标/组件/替代/行业适配/评级角色字段，用于区分报告披露适配与ESG评价口径。
S_T_004,S,人权劳工,禁止强迫劳动和童工,No forced labor and child labor,qualitative,text_span,防止强迫劳动、童工、人口贩卖等劳工风险的承诺或制度。,,,,强迫劳动;童工;人权;劳工权益,forced labor;child labor;human rights,native_text,行业相关,GRI 408;GRI 409;HKEX ESG Guide B4,供应链密集行业重要。,P1,disclosed;not_disclosed;not_found;not_applicable,如仅适用于供应商，应在source_text中保留范围。,indicator_schema_v0.1,v0.3,presence_maturity,management_presence,1,默认适用于全部上市公司；若报告明确说明边界不适用，可进入适用性复核。,optional_or_industry_specific; do_not_penalize_without_applicability_evidence,公司整体/合并范围 > 母公司/总部 > 园区/项目/案例；同一口径优先取报告期最新年度。,policy_section > governance_section > management_practice > case_study > index_or_toc,medium,定性项按存在性、制度完整度、目标/责任/绩效闭环分级。,qualitative_support,,management,全行业；按行业实质性调整权重,common_optional,qualitative_support; use for management maturity and evidence explanation,include_in_management_maturity_denominator_when_material,human_capital,借鉴MSCI行业实质性、Sustainalytics风险暴露-管理能力、S&P CSA同业比较、FTSE支柱-主题-指标模型；不复制专有权重。,新增主指标/组件/替代/行业适配/评级角色字段，用于区分报告披露适配与ESG评价口径。
S_T_005,S,产品责任,产品质量与安全管理,Product quality and safety management,qualitative,text_span,产品质量、质量管理体系、产品安全、召回管理等机制。,,,,产品质量;质量管理;产品安全;质量体系,product quality;product safety;quality management,native_text,行业相关,HKEX ESG Guide B6;GRI 416,消费品、医药、制造行业重要。,P0,disclosed;not_disclosed;not_found;not_applicable,优先制度、认证、检测或召回机制。,indicator_schema_v0.1,v0.3,presence_maturity,management_presence,1,默认适用于全部上市公司；若报告明确说明边界不适用，可进入适用性复核。,qualitative_absence_requires_review; score_transparency_penalty_if_material,公司整体/合并范围 > 母公司/总部 > 园区/项目/案例；同一口径优先取报告期最新年度。,policy_section > governance_section > management_practice > case_study > index_or_toc,medium,定性项按存在性、制度完整度、目标/责任/绩效闭环分级。,qualitative_support,,management,全行业；按行业实质性调整权重,cross_industry_core,qualitative_support; use for management maturity and evidence explanation,include_in_management_maturity_denominator_when_material,social_value_chain,借鉴MSCI行业实质性、Sustainalytics风险暴露-管理能力、S&P CSA同业比较、FTSE支柱-主题-指标模型；不复制专有权重。,新增主指标/组件/替代/行业适配/评级角色字段，用于区分报告披露适配与ESG评价口径。
S_T_006,S,隐私安全,客户隐私与数据安全管理,Customer privacy and data security,qualitative,text_span,客户信息保护、数据安全、网络安全和隐私管理制度。,,,,客户隐私;数据安全;信息安全;网络安全;个人信息保护,customer privacy;data security;cybersecurity,native_text,行业相关,GRI 418;上交所/深交所可持续发展报告指引,数据密集行业关键议题。,P0,disclosed;not_disclosed;not_found;not_applicable,应包含制度、认证、技术措施或事件响应机制。,indicator_schema_v0.1,v0.3,presence_maturity,management_presence,1,默认适用于全部上市公司；若报告明确说明边界不适用，可进入适用性复核。,qualitative_absence_requires_review; score_transparency_penalty_if_material,公司整体/合并范围 > 母公司/总部 > 园区/项目/案例；同一口径优先取报告期最新年度。,policy_section > governance_section > management_practice > case_study > index_or_toc,medium,定性项按存在性、制度完整度、目标/责任/绩效闭环分级。,qualitative_support,,management,全行业；按行业实质性调整权重,cross_industry_core,qualitative_support; use for management maturity and evidence explanation,include_in_management_maturity_denominator_when_material,social_value_chain,借鉴MSCI行业实质性、Sustainalytics风险暴露-管理能力、S&P CSA同业比较、FTSE支柱-主题-指标模型；不复制专有权重。,新增主指标/组件/替代/行业适配/评级角色字段，用于区分报告披露适配与ESG评价口径。
S_T_007,S,供应链,供应商ESG管理机制,Supplier ESG management,qualitative,text_span,供应商准入、评估、审计、培训和整改中的 ESG 要求。,,,,供应商管理;供应链管理;供应商ESG;负责任采购,supplier ESG management;responsible sourcing,native_text,中,GRI 308;GRI 414;HKEX ESG Guide B5,反映价值链管理能力。,P0,disclosed;not_disclosed;not_found;not_applicable,不要把一般采购流程误标为ESG管理。,indicator_schema_v0.1,v0.3,presence_maturity,management_presence,2,默认适用于全部上市公司；若报告明确说明边界不适用，可进入适用性复核。,qualitative_absence_requires_review; score_transparency_penalty_if_material,公司整体/合并范围 > 母公司/总部 > 园区/项目/案例；同一口径优先取报告期最新年度。,policy_section > governance_section > management_practice > case_study > index_or_toc,medium,定性项按存在性、制度完整度、目标/责任/绩效闭环分级。,qualitative_support,,management,全行业；按行业实质性调整权重,cross_industry_core,qualitative_support; use for management maturity and evidence explanation,include_in_management_maturity_denominator_when_material,social_value_chain,借鉴MSCI行业实质性、Sustainalytics风险暴露-管理能力、S&P CSA同业比较、FTSE支柱-主题-指标模型；不复制专有权重。,新增主指标/组件/替代/行业适配/评级角色字段，用于区分报告披露适配与ESG评价口径。
S_T_008,S,社区,社区参与与乡村振兴,Community engagement and rural revitalization,qualitative,text_span,社区沟通、公益项目、乡村振兴、志愿服务等。,,,,社区参与;社区公益;乡村振兴;志愿服务,community engagement;rural revitalization;volunteering,native_text,中,GRI 413;HKEX ESG Guide B8,社会贡献和利益相关方关系指标。,P1,disclosed;not_disclosed;not_found;not_applicable,优先具体项目、投入、受益对象。,indicator_schema_v0.1,v0.3,presence_maturity,management_presence,2,默认适用于全部上市公司；若报告明确说明边界不适用，可进入适用性复核。,optional_or_industry_specific; do_not_penalize_without_applicability_evidence,公司整体/合并范围 > 母公司/总部 > 园区/项目/案例；同一口径优先取报告期最新年度。,policy_section > governance_section > management_practice > case_study > index_or_toc,medium,定性项按存在性、制度完整度、目标/责任/绩效闭环分级。,qualitative_support,,management,全行业；按行业实质性调整权重,common_optional,qualitative_support; use for management maturity and evidence explanation,include_in_management_maturity_denominator_when_material,social_value_chain,借鉴MSCI行业实质性、Sustainalytics风险暴露-管理能力、S&P CSA同业比较、FTSE支柱-主题-指标模型；不复制专有权重。,新增主指标/组件/替代/行业适配/评级角色字段，用于区分报告披露适配与ESG评价口径。
S_T_009,S,创新,创新与知识产权管理,Innovation and intellectual property management,qualitative,text_span,技术创新、专利、知识产权保护和研发管理体系。,,,,技术创新;知识产权;专利;研发管理,innovation;intellectual property;patents,native_text,行业相关,上交所/深交所可持续发展报告指引,科技和制造行业重要。,P1,disclosed;not_disclosed;not_found;not_applicable,若只有研发金额，归入定量研发指标。,indicator_schema_v0.1,v0.3,presence_maturity,management_presence,1,默认适用于全部上市公司；若报告明确说明边界不适用，可进入适用性复核。,optional_or_industry_specific; do_not_penalize_without_applicability_evidence,公司整体/合并范围 > 母公司/总部 > 园区/项目/案例；同一口径优先取报告期最新年度。,policy_section > governance_section > management_practice > case_study > index_or_toc,medium,定性项按存在性、制度完整度、目标/责任/绩效闭环分级。,qualitative_support,,management,全行业；按行业实质性调整权重,common_optional,qualitative_support; use for management maturity and evidence explanation,include_in_management_maturity_denominator_when_material,social_value_chain,借鉴MSCI行业实质性、Sustainalytics风险暴露-管理能力、S&P CSA同业比较、FTSE支柱-主题-指标模型；不复制专有权重。,新增主指标/组件/替代/行业适配/评级角色字段，用于区分报告披露适配与ESG评价口径。
S_T_010,S,利益相关方,利益相关方沟通机制,Stakeholder engagement,qualitative,text_span,与员工、客户、投资者、供应商、社区等利益相关方沟通的机制。,,,,利益相关方;相关方沟通;实质性议题;重要性评估,stakeholder engagement;materiality assessment,native_text,中,GRI 2;GRI 3;上交所/深交所可持续发展报告指引,披露质量和议题识别的重要基础。,P0,disclosed;not_disclosed;not_found;not_applicable,若包含实质性议题矩阵，可作为后续分析输入。,indicator_schema_v0.1,v0.3,presence_maturity,management_presence,2,默认适用于全部上市公司；若报告明确说明边界不适用，可进入适用性复核。,qualitative_absence_requires_review; score_transparency_penalty_if_material,公司整体/合并范围 > 母公司/总部 > 园区/项目/案例；同一口径优先取报告期最新年度。,policy_section > governance_section > management_practice > case_study > index_or_toc,medium,定性项按存在性、制度完整度、目标/责任/绩效闭环分级。,qualitative_support,,management,全行业；按行业实质性调整权重,cross_industry_core,qualitative_support; use for management maturity and evidence explanation,include_in_management_maturity_denominator_when_material,other,借鉴MSCI行业实质性、Sustainalytics风险暴露-管理能力、S&P CSA同业比较、FTSE支柱-主题-指标模型；不复制专有权重。,新增主指标/组件/替代/行业适配/评级角色字段，用于区分报告披露适配与ESG评价口径。
G_Q_001,G,董事会,董事会人数,Board size,quantitative,integer,报告期内董事会成员人数。,person,人;名,>=0,董事会人数;董事人数;董事会成员,board size;directors,native_table;text,高,公司治理披露;GRI 2,治理结构基础指标。,P0,disclosed;not_disclosed;not_found;not_applicable,优先报告期末董事会人数。,indicator_schema_v0.1,v0.3,contextual_disclosure,absolute_performance,3,通常适用于全部上市公司。,not_disclosed_requires_review; score_transparency_penalty_if_applicable,公司整体/合并范围 > 母公司/总部 > 园区/项目/案例；同一口径优先取报告期最新年度。,native_table > structured_text_table > narrative_exact_value > chart_or_image > manual_review,medium,保留标准化单位；评分阶段再做行业分位数或阈值标准化。,core,,performance,全行业；按行业实质性调整权重,cross_industry_core,"primary_indicator; if missing, check explicit not_disclosed and alternative indicators",include_when_applicable,governance,借鉴MSCI行业实质性、Sustainalytics风险暴露-管理能力、S&P CSA同业比较、FTSE支柱-主题-指标模型；不复制专有权重。,新增主指标/组件/替代/行业适配/评级角色字段，用于区分报告披露适配与ESG评价口径。
G_Q_002,G,董事会,独立董事人数,Independent directors count,quantitative,integer,董事会中独立董事人数。,person,人;名,>=0,独立董事人数;独董人数,independent directors,native_table;text,高,公司治理披露;GRI 2,衡量董事会独立性。,P0,disclosed;not_disclosed;not_found;not_applicable,可与董事会总人数计算比例。,indicator_schema_v0.1,v0.3,higher_is_better,absolute_performance,3,通常适用于全部上市公司。,not_disclosed_requires_review; score_transparency_penalty_if_applicable,公司整体/合并范围 > 母公司/总部 > 园区/项目/案例；同一口径优先取报告期最新年度。,native_table > structured_text_table > narrative_exact_value > chart_or_image > manual_review,medium,保留标准化单位；评分阶段再做行业分位数或阈值标准化。,alternative,G_Q_003,performance,全行业；按行业实质性调整权重,cross_industry_core,"alternative_to:G_Q_003; record as alternative_disclosed, do not overwrite primary indicator",exclude_from_primary_denominator; count in alternative_disclosure_coverage,governance,借鉴MSCI行业实质性、Sustainalytics风险暴露-管理能力、S&P CSA同业比较、FTSE支柱-主题-指标模型；不复制专有权重。,新增主指标/组件/替代/行业适配/评级角色字段，用于区分报告披露适配与ESG评价口径。
G_Q_003,G,董事会,独立董事比例,Independent director ratio,quantitative,percentage,独立董事占董事会总人数比例。,%,%;百分比;比例,0-100,独立董事比例;独董占比,independent director ratio;board independence,native_table;text,高,公司治理披露;GRI 2,董事会独立性常见评价维度。,P0,disclosed;not_disclosed;not_found;not_applicable,如未披露比例但披露人数，可后处理计算。,indicator_schema_v0.1,v0.3,higher_is_better,ratio_performance,3,通常适用于全部上市公司。,not_disclosed_requires_review; score_transparency_penalty_if_applicable,公司整体/合并范围 > 母公司/总部 > 园区/项目/案例；同一口径优先取报告期最新年度。,native_table > structured_text_table > narrative_exact_value > chart_or_image > manual_review,medium,保留标准化单位；评分阶段再做行业分位数或阈值标准化。,core,,performance,全行业；按行业实质性调整权重,cross_industry_core,"primary_indicator; if missing, check explicit not_disclosed and alternative indicators",include_when_applicable,governance,借鉴MSCI行业实质性、Sustainalytics风险暴露-管理能力、S&P CSA同业比较、FTSE支柱-主题-指标模型；不复制专有权重。,新增主指标/组件/替代/行业适配/评级角色字段，用于区分报告披露适配与ESG评价口径。
G_Q_004,G,董事会,女性董事人数,Female directors count,quantitative,integer,董事会中女性董事人数。,person,人;名,>=0,女性董事;女董事;董事会女性成员,female directors;women directors,native_table;text,中,GRI 405;公司治理披露,董事会多元化评价维度。,P1,disclosed;not_disclosed;not_found;not_applicable,可由董事名单推断，但首版只采明确披露。,indicator_schema_v0.1,v0.3,higher_is_better,absolute_performance,2,通常适用于全部上市公司。,optional_or_industry_specific; do_not_penalize_without_applicability_evidence,公司整体/合并范围 > 母公司/总部 > 园区/项目/案例；同一口径优先取报告期最新年度。,native_table > structured_text_table > narrative_exact_value > chart_or_image > manual_review,low,保留标准化单位；评分阶段再做行业分位数或阈值标准化。,alternative,G_Q_005,performance,全行业；按行业实质性调整权重,common_optional,"alternative_to:G_Q_005; record as alternative_disclosed, do not overwrite primary indicator",exclude_from_primary_denominator; count in alternative_disclosure_coverage,governance,借鉴MSCI行业实质性、Sustainalytics风险暴露-管理能力、S&P CSA同业比较、FTSE支柱-主题-指标模型；不复制专有权重。,新增主指标/组件/替代/行业适配/评级角色字段，用于区分报告披露适配与ESG评价口径。
G_Q_005,G,董事会,女性董事比例,Female director ratio,quantitative,percentage,女性董事占董事会总人数比例。,%,%;百分比;比例,0-100,女性董事比例;女董事占比;董事会性别多元化,female director ratio;board gender diversity,native_table;text,中,GRI 405;公司治理披露,治理多元化指标。,P1,disclosed;not_disclosed;not_found;not_applicable,如只披露人数，可后处理计算但保留原证据。,indicator_schema_v0.1,v0.3,higher_is_better,ratio_performance,2,通常适用于全部上市公司。,optional_or_industry_specific; do_not_penalize_without_applicability_evidence,公司整体/合并范围 > 母公司/总部 > 园区/项目/案例；同一口径优先取报告期最新年度。,native_table > structured_text_table > narrative_exact_value > chart_or_image > manual_review,low,保留标准化单位；评分阶段再做行业分位数或阈值标准化。,core,,performance,全行业；按行业实质性调整权重,common_optional,"primary_indicator; if missing, check explicit not_disclosed and alternative indicators",include_when_applicable,governance,借鉴MSCI行业实质性、Sustainalytics风险暴露-管理能力、S&P CSA同业比较、FTSE支柱-主题-指标模型；不复制专有权重。,新增主指标/组件/替代/行业适配/评级角色字段，用于区分报告披露适配与ESG评价口径。
G_Q_006,G,董事会,董事会会议次数,Board meetings,quantitative,integer,报告期内董事会召开会议次数。,meeting,次;场,>=0,董事会会议次数;召开董事会,board meetings,native_table;text,中,公司治理披露;GRI 2,反映董事会运作频率。,P1,disclosed;not_disclosed;not_found;not_applicable,区分董事会、专门委员会和股东大会。,indicator_schema_v0.1,v0.3,higher_is_better,absolute_performance,2,通常适用于全部上市公司。,optional_or_industry_specific; do_not_penalize_without_applicability_evidence,公司整体/合并范围 > 母公司/总部 > 园区/项目/案例；同一口径优先取报告期最新年度。,native_table > structured_text_table > narrative_exact_value > chart_or_image > manual_review,low,保留标准化单位；评分阶段再做行业分位数或阈值标准化。,alternative,G_T_002,performance,全行业；按行业实质性调整权重,common_optional,"alternative_to:G_T_002; record as alternative_disclosed, do not overwrite primary indicator",exclude_from_primary_denominator; count in alternative_disclosure_coverage,governance,借鉴MSCI行业实质性、Sustainalytics风险暴露-管理能力、S&P CSA同业比较、FTSE支柱-主题-指标模型；不复制专有权重。,新增主指标/组件/替代/行业适配/评级角色字段，用于区分报告披露适配与ESG评价口径。
G_Q_007,G,股东权益,股东大会次数,Shareholder meetings,quantitative,integer,报告期内召开股东大会次数。,meeting,次;场,>=0,股东大会次数;召开股东大会,shareholder meetings,native_table;text,中,公司治理披露,投资者权益保护相关。,P1,disclosed;not_disclosed;not_found;not_applicable,若只在年报披露，ESG报告缺失可标not_found。,indicator_schema_v0.1,v0.3,higher_is_better,absolute_performance,2,通常适用于全部上市公司。,optional_or_industry_specific; do_not_penalize_without_applicability_evidence,公司整体/合并范围 > 母公司/总部 > 园区/项目/案例；同一口径优先取报告期最新年度。,native_table > structured_text_table > narrative_exact_value > chart_or_image > manual_review,low,保留标准化单位；评分阶段再做行业分位数或阈值标准化。,alternative,G_T_004,performance,全行业；按行业实质性调整权重,common_optional,"alternative_to:G_T_004; record as alternative_disclosed, do not overwrite primary indicator",exclude_from_primary_denominator; count in alternative_disclosure_coverage,governance,借鉴MSCI行业实质性、Sustainalytics风险暴露-管理能力、S&P CSA同业比较、FTSE支柱-主题-指标模型；不复制专有权重。,新增主指标/组件/替代/行业适配/评级角色字段，用于区分报告披露适配与ESG评价口径。
G_Q_008,G,投资者关系,投资者沟通活动次数,Investor communication events,quantitative,integer,业绩说明会、投资者调研、路演、互动平台回复等活动次数。,event,次;场;条,>=0,投资者沟通;业绩说明会;投资者调研;路演,investor communication;investor relations events,native_table;text,中,上交所/深交所可持续发展报告指引,反映信息披露和投资者关系管理。,P1,disclosed;not_disclosed;not_found;not_applicable,不同活动类型可分拆记录。,indicator_schema_v0.1,v0.3,higher_is_better,absolute_performance,2,通常适用于全部上市公司。,optional_or_industry_specific; do_not_penalize_without_applicability_evidence,公司整体/合并范围 > 母公司/总部 > 园区/项目/案例；同一口径优先取报告期最新年度。,native_table > structured_text_table > narrative_exact_value > chart_or_image > manual_review,low,保留标准化单位；评分阶段再做行业分位数或阈值标准化。,alternative,G_T_009,performance,全行业；按行业实质性调整权重,common_optional,"alternative_to:G_T_009; record as alternative_disclosed, do not overwrite primary indicator",exclude_from_primary_denominator; count in alternative_disclosure_coverage,governance,借鉴MSCI行业实质性、Sustainalytics风险暴露-管理能力、S&P CSA同业比较、FTSE支柱-主题-指标模型；不复制专有权重。,新增主指标/组件/替代/行业适配/评级角色字段，用于区分报告披露适配与ESG评价口径。
G_Q_009,G,商业道德,反腐败培训人数或次数,Anti-corruption training count,quantitative,integer,反腐败、廉洁从业、商业道德培训的人数或次数。,person-time,人次;人;次;场,>=0,反腐败培训;廉洁培训;商业道德培训,anti-corruption training;business ethics training,native_table;text,高,GRI 205;HKEX ESG Guide B7,商业道德管理执行指标。,P0,disclosed;not_disclosed;not_found;not_applicable,人、次、场需保留原单位。,indicator_schema_v0.1,v0.3,higher_is_better,absolute_performance,3,通常适用于全部上市公司。,not_disclosed_requires_review; score_transparency_penalty_if_applicable,公司整体/合并范围 > 母公司/总部 > 园区/项目/案例；同一口径优先取报告期最新年度。,native_table > structured_text_table > narrative_exact_value > chart_or_image > manual_review,medium,保留标准化单位；评分阶段再做行业分位数或阈值标准化。,alternative,G_T_005,performance,全行业；按行业实质性调整权重,cross_industry_core,"alternative_to:G_T_005; record as alternative_disclosed, do not overwrite primary indicator",exclude_from_primary_denominator; count in alternative_disclosure_coverage,governance,借鉴MSCI行业实质性、Sustainalytics风险暴露-管理能力、S&P CSA同业比较、FTSE支柱-主题-指标模型；不复制专有权重。,新增主指标/组件/替代/行业适配/评级角色字段，用于区分报告披露适配与ESG评价口径。
G_Q_010,G,商业道德,腐败或违规案件数量,Corruption/compliance cases,quantitative,integer,报告期内腐败、贿赂、重大合规违规或诉讼案件数量。,case,件;起;宗;次,>=0,腐败案件;贪污诉讼;违规案件;商业贿赂,corruption cases;bribery cases;compliance incidents,native_table;text,高,GRI 205;HKEX ESG Guide B7,负面事件对治理评分影响较大。,P0,disclosed;not_disclosed;not_found;not_applicable,明确披露无相关案件时记录0。,indicator_schema_v0.1,v0.3,lower_is_better,risk_event,3,通常适用于全部上市公司。,not_disclosed_requires_review; score_transparency_penalty_if_applicable,年度腐败/贪污/商业贿赂诉讼案件数量 > 违法违规案件数量 > 制度描述,native_table > structured_text_table > narrative_exact_value > chart_or_image > manual_review,high,保留标准化单位；评分阶段再做行业分位数或阈值标准化。,core,,performance,全行业；按行业实质性调整权重,cross_industry_core,"primary_indicator; if missing, check explicit not_disclosed and alternative indicators",include_when_applicable,governance,借鉴MSCI行业实质性、Sustainalytics风险暴露-管理能力、S&P CSA同业比较、FTSE支柱-主题-指标模型；不复制专有权重。,新增主指标/组件/替代/行业适配/评级角色字段，用于区分报告披露适配与ESG评价口径。
G_T_001,G,ESG治理,ESG治理架构,ESG governance structure,qualitative,text_span,董事会、管理层、专门委员会或工作小组在 ESG 中的职责分工。,,,,ESG治理架构;可持续发展治理;ESG管理架构,ESG governance;sustainability governance,native_text,高,上交所/深交所可持续发展报告指引;IFRS S1;GRI 2,披露治理质量的核心维度。,P0,disclosed;not_disclosed;not_found;not_applicable,应包含组织层级或职责，而非单句重视ESG。,indicator_schema_v0.1,v0.3,presence_maturity,management_presence,3,通常适用于全部上市公司。,qualitative_absence_requires_review; score_transparency_penalty_if_material,公司整体/合并范围 > 母公司/总部 > 园区/项目/案例；同一口径优先取报告期最新年度。,policy_section > governance_section > management_practice > case_study > index_or_toc,medium,定性项按存在性、制度完整度、目标/责任/绩效闭环分级。,qualitative_support,,management,全行业；按行业实质性调整权重,cross_industry_core,qualitative_support; use for management maturity and evidence explanation,include_in_management_maturity_denominator_when_material,governance,借鉴MSCI行业实质性、Sustainalytics风险暴露-管理能力、S&P CSA同业比较、FTSE支柱-主题-指标模型；不复制专有权重。,新增主指标/组件/替代/行业适配/评级角色字段，用于区分报告披露适配与ESG评价口径。
G_T_002,G,ESG治理,董事会ESG监督,Board oversight of ESG,qualitative,text_span,董事会对 ESG、气候、可持续发展事项的监督职责。,,,,董事会监督ESG;董事会审议ESG;董事会可持续发展职责,board oversight;board ESG responsibility,native_text,高,IFRS S1;IFRS S2;TCFD,董事会监督是气候和可持续披露关键项。,P0,disclosed;not_disclosed;not_found;not_applicable,优先保留董事会审议频次、职责或决策机制。,indicator_schema_v0.1,v0.3,presence_maturity,management_presence,3,通常适用于全部上市公司。,qualitative_absence_requires_review; score_transparency_penalty_if_material,公司整体/合并范围 > 母公司/总部 > 园区/项目/案例；同一口径优先取报告期最新年度。,policy_section > governance_section > management_practice > case_study > index_or_toc,medium,定性项按存在性、制度完整度、目标/责任/绩效闭环分级。,qualitative_support,,management,全行业；按行业实质性调整权重,cross_industry_core,qualitative_support; use for management maturity and evidence explanation,include_in_management_maturity_denominator_when_material,governance,借鉴MSCI行业实质性、Sustainalytics风险暴露-管理能力、S&P CSA同业比较、FTSE支柱-主题-指标模型；不复制专有权重。,新增主指标/组件/替代/行业适配/评级角色字段，用于区分报告披露适配与ESG评价口径。
G_T_003,G,风险管理,全面风险管理体系,Risk management system,qualitative,text_span,风险识别、评估、应对和监控体系。,,,,风险管理体系;全面风险管理;风险识别;风险控制,risk management system;enterprise risk management,native_text,高,IFRS S1;公司治理披露;GRI 2,评估治理韧性和风险控制能力。,P0,disclosed;not_disclosed;not_found;not_applicable,如包含ESG风险纳入ERM，应优先记录。,indicator_schema_v0.1,v0.3,presence_maturity,management_presence,3,通常适用于全部上市公司。,qualitative_absence_requires_review; score_transparency_penalty_if_material,公司整体/合并范围 > 母公司/总部 > 园区/项目/案例；同一口径优先取报告期最新年度。,policy_section > governance_section > management_practice > case_study > index_or_toc,medium,定性项按存在性、制度完整度、目标/责任/绩效闭环分级。,qualitative_support,,management,全行业；按行业实质性调整权重,cross_industry_core,qualitative_support; use for management maturity and evidence explanation,include_in_management_maturity_denominator_when_material,governance,借鉴MSCI行业实质性、Sustainalytics风险暴露-管理能力、S&P CSA同业比较、FTSE支柱-主题-指标模型；不复制专有权重。,新增主指标/组件/替代/行业适配/评级角色字段，用于区分报告披露适配与ESG评价口径。
G_T_004,G,合规内控,内控与合规管理,Internal control and compliance management,qualitative,text_span,内部控制、合规管理、审计监督和制度建设。,,,,内部控制;合规管理;内控体系;审计监督,internal control;compliance management,native_text,高,公司治理披露;上交所/深交所可持续发展报告指引,治理基础能力指标。,P0,disclosed;not_disclosed;not_found;not_applicable,优先保留制度、流程、责任部门。,indicator_schema_v0.1,v0.3,presence_maturity,management_presence,3,通常适用于全部上市公司。,qualitative_absence_requires_review; score_transparency_penalty_if_material,公司整体/合并范围 > 母公司/总部 > 园区/项目/案例；同一口径优先取报告期最新年度。,policy_section > governance_section > management_practice > case_study > index_or_toc,medium,定性项按存在性、制度完整度、目标/责任/绩效闭环分级。,qualitative_support,,management,全行业；按行业实质性调整权重,cross_industry_core,qualitative_support; use for management maturity and evidence explanation,include_in_management_maturity_denominator_when_material,governance,借鉴MSCI行业实质性、Sustainalytics风险暴露-管理能力、S&P CSA同业比较、FTSE支柱-主题-指标模型；不复制专有权重。,新增主指标/组件/替代/行业适配/评级角色字段，用于区分报告披露适配与ESG评价口径。
G_T_005,G,商业道德,商业道德与反腐机制,Business ethics and anti-corruption mechanism,qualitative,text_span,反贪污、反贿赂、廉洁从业、利益冲突管理等机制。,,,,反腐败;反贪污;反贿赂;商业道德;廉洁从业,anti-corruption;anti-bribery;business ethics,native_text,高,GRI 205;HKEX ESG Guide B7,商业道德是通用治理重点。,P0,disclosed;not_disclosed;not_found;not_applicable,需包含制度、培训、监督、举报或处罚机制。,indicator_schema_v0.1,v0.3,presence_maturity,management_presence,3,通常适用于全部上市公司。,qualitative_absence_requires_review; score_transparency_penalty_if_material,公司整体/合并范围 > 母公司/总部 > 园区/项目/案例；同一口径优先取报告期最新年度。,policy_section > governance_section > management_practice > case_study > index_or_toc,medium,定性项按存在性、制度完整度、目标/责任/绩效闭环分级。,qualitative_support,,management,全行业；按行业实质性调整权重,cross_industry_core,qualitative_support; use for management maturity and evidence explanation,include_in_management_maturity_denominator_when_material,governance,借鉴MSCI行业实质性、Sustainalytics风险暴露-管理能力、S&P CSA同业比较、FTSE支柱-主题-指标模型；不复制专有权重。,新增主指标/组件/替代/行业适配/评级角色字段，用于区分报告披露适配与ESG评价口径。
G_T_006,G,商业道德,举报与申诉渠道,Whistleblowing channel,qualitative,text_span,员工、供应商或利益相关方举报违规、腐败、舞弊的渠道和保护机制。,,,,举报渠道; whistleblowing;申诉渠道;举报人保护,whistleblowing channel;grievance mechanism,native_text,高,GRI 2;GRI 205;HKEX ESG Guide B7,反腐机制有效性的支撑项。,P1,disclosed;not_disclosed;not_found;not_applicable,优先保留渠道、受理部门和保护措施。,indicator_schema_v0.1,v0.3,presence_maturity,management_presence,3,通常适用于全部上市公司。,optional_or_industry_specific; do_not_penalize_without_applicability_evidence,公司整体/合并范围 > 母公司/总部 > 园区/项目/案例；同一口径优先取报告期最新年度。,policy_section > governance_section > management_practice > case_study > index_or_toc,medium,定性项按存在性、制度完整度、目标/责任/绩效闭环分级。,qualitative_support,,management,全行业；按行业实质性调整权重,common_optional,qualitative_support; use for management maturity and evidence explanation,include_in_management_maturity_denominator_when_material,governance,借鉴MSCI行业实质性、Sustainalytics风险暴露-管理能力、S&P CSA同业比较、FTSE支柱-主题-指标模型；不复制专有权重。,新增主指标/组件/替代/行业适配/评级角色字段，用于区分报告披露适配与ESG评价口径。
G_T_007,G,公平竞争,公平竞争与反垄断,Fair competition and anti-monopoly,qualitative,text_span,公平竞争、反垄断、反不正当竞争相关制度和培训。,,,,公平竞争;反垄断;反不正当竞争;竞争合规,fair competition;anti-monopoly;competition compliance,native_text,中,上交所/深交所可持续发展报告指引,治理合规增强项。,P1,disclosed;not_disclosed;not_found;not_applicable,若仅作为法律合规泛述，置信度应较低。,indicator_schema_v0.1,v0.3,presence_maturity,management_presence,2,通常适用于全部上市公司。,optional_or_industry_specific; do_not_penalize_without_applicability_evidence,公司整体/合并范围 > 母公司/总部 > 园区/项目/案例；同一口径优先取报告期最新年度。,policy_section > governance_section > management_practice > case_study > index_or_toc,medium,定性项按存在性、制度完整度、目标/责任/绩效闭环分级。,qualitative_support,,management,全行业；按行业实质性调整权重,common_optional,qualitative_support; use for management maturity and evidence explanation,include_in_management_maturity_denominator_when_material,governance,借鉴MSCI行业实质性、Sustainalytics风险暴露-管理能力、S&P CSA同业比较、FTSE支柱-主题-指标模型；不复制专有权重。,新增主指标/组件/替代/行业适配/评级角色字段，用于区分报告披露适配与ESG评价口径。
G_T_008,G,披露质量,第三方鉴证或外部审验,External assurance,qualitative,text_span,ESG报告是否经过第三方鉴证、审验或保证。,,,,第三方鉴证;外部审验;独立鉴证;保证报告,external assurance;third-party assurance,native_text,中,GRI;ISSB disclosure quality;HKEX ESG Guide,披露可信度和可核验性增强项。,P1,disclosed;not_disclosed;not_found;not_applicable,记录鉴证机构、范围和保证等级。,indicator_schema_v0.1,v0.3,presence_maturity,management_presence,2,通常适用于全部上市公司。,optional_or_industry_specific; do_not_penalize_without_applicability_evidence,公司整体/合并范围 > 母公司/总部 > 园区/项目/案例；同一口径优先取报告期最新年度。,policy_section > governance_section > management_practice > case_study > index_or_toc,medium,定性项按存在性、制度完整度、目标/责任/绩效闭环分级。,qualitative_support,,disclosure_quality,全行业；按行业实质性调整权重,common_optional,qualitative_support; use for management maturity and evidence explanation,include_in_management_maturity_denominator_when_material,governance,借鉴MSCI行业实质性、Sustainalytics风险暴露-管理能力、S&P CSA同业比较、FTSE支柱-主题-指标模型；不复制专有权重。,新增主指标/组件/替代/行业适配/评级角色字段，用于区分报告披露适配与ESG评价口径。
G_T_009,G,信息披露,重大性议题识别过程,Materiality assessment process,qualitative,text_span,识别和确定重大 ESG 议题的过程、矩阵或利益相关方参与。,,,,重大性议题;实质性议题;重要性评估;议题矩阵,materiality assessment;material topics,native_text,高,GRI 3;上交所/深交所可持续发展报告指引,决定后续行业权重和披露重点。,P0,disclosed;not_disclosed;not_found;not_applicable,优先保留议题识别方法和矩阵结果。,indicator_schema_v0.1,v0.3,presence_maturity,management_presence,3,通常适用于全部上市公司。,qualitative_absence_requires_review; score_transparency_penalty_if_material,公司整体/合并范围 > 母公司/总部 > 园区/项目/案例；同一口径优先取报告期最新年度。,policy_section > governance_section > management_practice > case_study > index_or_toc,medium,定性项按存在性、制度完整度、目标/责任/绩效闭环分级。,qualitative_support,,disclosure_quality,全行业；按行业实质性调整权重,cross_industry_core,qualitative_support; use for management maturity and evidence explanation,include_in_management_maturity_denominator_when_material,governance,借鉴MSCI行业实质性、Sustainalytics风险暴露-管理能力、S&P CSA同业比较、FTSE支柱-主题-指标模型；不复制专有权重。,新增主指标/组件/替代/行业适配/评级角色字段，用于区分报告披露适配与ESG评价口径。
G_T_010,G,数据治理,数据治理与网络安全治理,Data governance and cybersecurity governance,qualitative,text_span,数据治理、网络安全治理、信息安全组织职责和制度。,,,,数据治理;网络安全治理;信息安全治理;数据合规,data governance;cybersecurity governance,native_text,行业相关,上交所/深交所可持续发展报告指引;GRI 418,数字化和数据密集行业重要。,P1,disclosed;not_disclosed;not_found;not_applicable,若面向客户隐私保护，可同时链接S_T_006。,indicator_schema_v0.1,v0.3,presence_maturity,management_presence,1,通常适用于全部上市公司。,optional_or_industry_specific; do_not_penalize_without_applicability_evidence,公司整体/合并范围 > 母公司/总部 > 园区/项目/案例；同一口径优先取报告期最新年度。,policy_section > governance_section > management_practice > case_study > index_or_toc,medium,定性项按存在性、制度完整度、目标/责任/绩效闭环分级。,industry_specific,,management,数据密集、平台、金融、通信、互联网行业优先,industry_materiality_adjusted,enable only when industry/business boundary is applicable,exclude_from_cross_industry_denominator_unless_applicable,governance,借鉴MSCI行业实质性、Sustainalytics风险暴露-管理能力、S&P CSA同业比较、FTSE支柱-主题-指标模型；不复制专有权重。,新增主指标/组件/替代/行业适配/评级角色字段，用于区分报告披露适配与ESG评价口径。
