field_id,metric_name_cn,minimum_acceptance,positive_evidence_cues,reject_if_only,evidence_scope_required,ambiguous_policy,framework_anchor,rating_agency_reference,source_keys,source_urls,rule_version
E_T_001,气候变化战略,披露气候、低碳、双碳或绿色转型战略，并至少说明业务相关方向、路径、目标、治理安排或重点行动之一。,气候战略;低碳转型;双碳战略;净零路线图;绿色转型;气候相关战略,仅有节能减排口号、单个环保项目、绿色办公倡议，未上升到公司战略或业务转型层面。,company_or_group_strategy,needs_discussion,IFRS S2;TCFD;S&P CSA Climate Strategy,评级/CSA通常看公司层面的气候战略、治理、风险与目标，而非孤立项目。,sp_csa;ifrs_s2;tcfd;msci_methodology,https://portal.s1.spglobal.com/survey/documents/CSA_Methodology%20Handbook_ICS.pdf;https://www.ifrs.org/issued-standards/ifrs-sustainability-standards-navigator/ifrs-s2-climate-related-disclosures/;https://www.fsb-tcfd.org/recommendations/;https://www.msci.com/documents/1296102/34424357/MSCI%2BESG%2BRatings%2BMethodology.pdf,qualitative_disclosure_sufficiency_v1.0
E_T_002,碳中和或减排目标,明确披露碳达峰、碳中和、减排或能耗/排放强度目标，最好包含目标年份、范围或量化口径。,碳中和目标;碳达峰目标;减排目标;净零;排放强度下降,仅称将持续降碳、节能减排，但没有目标方向、时间、范围或可验证口径。,company_or_group_target,needs_discussion,IFRS S2;TCFD;GRI 305,评级一般区分是否有目标、目标覆盖范围和可衡量性。,ifrs_s2;tcfd;gri_standards,https://www.ifrs.org/issued-standards/ifrs-sustainability-standards-navigator/ifrs-s2-climate-related-disclosures/;https://www.fsb-tcfd.org/recommendations/;https://www.globalreporting.org/standards/,qualitative_disclosure_sufficiency_v1.0
E_T_003,气候风险管理,披露气候相关物理风险、转型风险或气候机遇的识别、评估、监测、应对，或说明其纳入企业风险管理。,气候风险;物理风险;转型风险;气候情景分析;气候风险识别;气候风险管理,只披露环境风险、安全生产风险、经营风险或合规风险，未明确指向气候相关风险。,climate_specific_risk_process,needs_discussion,IFRS S2;TCFD Risk Management,气候风险管理需要能看出识别/评估/管理流程，不能由泛风险管理直接替代。,ifrs_s2;tcfd;sp_csa,https://www.ifrs.org/issued-standards/ifrs-sustainability-standards-navigator/ifrs-s2-climate-related-disclosures/;https://www.fsb-tcfd.org/recommendations/;https://portal.s1.spglobal.com/survey/documents/CSA_Methodology%20Handbook_ICS.pdf,qualitative_disclosure_sufficiency_v1.0
E_T_005,环境管理体系,披露环境管理制度、职责、组织、流程、合规检查、ISO 14001或等同环境管理体系。,环境管理体系;ISO14001;环境管理制度;环保责任制;环境合规;环境管理组织,仅有职业健康安全体系、安全生产责任制或单个污染治理措施，未覆盖环境管理体系。,environmental_management_system,needs_discussion,ISO 14001;GRI;S&P CSA Environmental Policy & Management Systems,评级/CSA偏好制度化、公司层级、可审计的环境管理证据。,iso_14001;sp_csa;gri_standards,https://www.iso.org/standard/60857.html;https://portal.s1.spglobal.com/survey/documents/CSA_Methodology%20Handbook_ICS.pdf;https://www.globalreporting.org/standards/,qualitative_disclosure_sufficiency_v1.0
E_T_009,污染防治措施,披露废气、废水、固废、危废、噪声、化学品或排放达标方面的治理措施、设施或管理流程。,污染防治;废气治理;废水治理;固废治理;危废管理;排放达标;环保设施,只披露碳减排、绿色办公、环保理念，未涉及污染物治理或排放控制。,pollution_control_action_or_system,needs_discussion,HKEX ESG A1;GRI 306;S&P CSA Waste & Pollutants,污染防治关注具体污染源、控制措施和合规结果。,hkex_esg;gri_standards;sp_csa,https://www.hkex.com.hk/Listing/Rules-and-Guidance/Environmental-Social-and-Governance/ESG-Reporting-Guide-and-FAQs;https://www.globalreporting.org/standards/;https://portal.s1.spglobal.com/survey/documents/CSA_Methodology%20Handbook_ICS.pdf,qualitative_disclosure_sufficiency_v1.0
S_T_001,员工权益保护政策,披露劳动合同、薪酬福利、平等雇佣、员工关怀、申诉、工会或员工权益保护制度。,员工权益;劳动权益;平等雇佣;薪酬福利;员工关怀;申诉机制,仅披露培训活动、团建活动或员工人数，未体现权益保护政策或机制。,employee_rights_policy_or_process,needs_discussion,GRI 401;HKEX ESG B1,社会维度通常关注制度覆盖和执行机制，而不只看福利活动。,gri_standards;hkex_esg,https://www.globalreporting.org/standards/;https://www.hkex.com.hk/Listing/Rules-and-Guidance/Environmental-Social-and-Governance/ESG-Reporting-Guide-and-FAQs,qualitative_disclosure_sufficiency_v1.0
S_T_002,职业健康安全管理体系,披露职业健康安全或安全生产管理体系、职责、风险辨识、培训、应急、ISO 45001或类似机制。,职业健康安全;安全生产管理体系;ISO45001;隐患排查;应急管理;安全培训,只有工伤人数、死亡人数或一次安全活动，未说明安全管理体系。,occupational_health_safety_system,needs_discussion,GRI 403;HKEX ESG B2,职业健康安全管理需体现风险识别、责任和控制闭环。,gri_standards;hkex_esg,https://www.globalreporting.org/standards/;https://www.hkex.com.hk/Listing/Rules-and-Guidance/Environmental-Social-and-Governance/ESG-Reporting-Guide-and-FAQs,qualitative_disclosure_sufficiency_v1.0
S_T_005,产品质量与安全管理,披露产品/服务质量管理体系、安全管理、认证、质量控制、召回、客户健康安全或缺陷处理机制。,产品质量;质量管理体系;产品安全;客户健康安全;质量认证;召回管理,只出现品牌质量口号、客户服务承诺或满意度结果，未说明质量/安全管理机制。,product_quality_safety_management,needs_discussion,GRI 416;HKEX ESG B6;S&P CSA Product Quality & Safety,评级更重视质量/安全风险的管理过程和责任，而不只是宣传性措辞。,gri_standards;hkex_esg;sp_csa,https://www.globalreporting.org/standards/;https://www.hkex.com.hk/Listing/Rules-and-Guidance/Environmental-Social-and-Governance/ESG-Reporting-Guide-and-FAQs;https://portal.s1.spglobal.com/survey/documents/CSA_Methodology%20Handbook_ICS.pdf,qualitative_disclosure_sufficiency_v1.0
S_T_006,客户隐私与数据安全管理,披露客户隐私、个人信息保护、数据安全、网络安全或信息安全管理制度、控制措施或认证。,客户隐私;个人信息保护;数据安全;信息安全;网络安全;ISO27001,只披露数字化建设、IT系统升级或客户服务平台，未涉及隐私/数据安全控制。,privacy_or_data_security_controls,needs_discussion,GRI 418;上交所/深交所可持续发展报告指引,数据安全类指标关注管理控制和事件风险，不把普通数字化项目等同披露。,gri_standards,https://www.globalreporting.org/standards/,qualitative_disclosure_sufficiency_v1.0
S_T_007,供应商ESG管理机制,披露供应商准入、评估、审核、培训、责任采购或环境/社会/合规要求。,供应商ESG;供应商审核;责任采购;供应链ESG;供应商准入;供应商培训,仅披露采购金额、供应商数量或一般供应链协同，未体现ESG管理要求。,supplier_esg_management_process,needs_discussion,GRI 308;GRI 414;HKEX ESG B5,供应链管理需区分商业采购管理与ESG尽责/审核机制。,gri_standards;hkex_esg,https://www.globalreporting.org/standards/;https://www.hkex.com.hk/Listing/Rules-and-Guidance/Environmental-Social-and-Governance/ESG-Reporting-Guide-and-FAQs,qualitative_disclosure_sufficiency_v1.0
S_T_010,利益相关方沟通机制,披露利益相关方识别、沟通渠道、沟通频率、关注议题、反馈机制或与重要性评估联动。,利益相关方;相关方沟通;沟通渠道;关注议题;实质性议题;重要性评估,仅披露投资者关系、股东大会或客户服务，且没有覆盖其他利益相关方或沟通机制。,stakeholder_identification_and_engagement,needs_discussion,GRI 2;GRI 3;S&P CSA Materiality,评级/CSA通常把利益相关方参与作为实质性议题识别的证据链之一。,gri_standards;sp_csa,https://www.globalreporting.org/standards/;https://portal.s1.spglobal.com/survey/documents/CSA_Methodology%20Handbook_ICS.pdf,qualitative_disclosure_sufficiency_v1.0
G_T_001,ESG治理架构,披露ESG/可持续发展治理架构，至少包含董事会、专门委员会、管理层、工作小组或部门职责中的一层及其ESG职责。,ESG治理架构;可持续发展治理;ESG委员会;ESG工作小组;董事会ESG职责;治理架构图,仅披露公司治理结构、三会一层或组织架构，但未说明ESG/可持续发展职责。,esg_specific_governance_structure,needs_discussion,IFRS S1 Governance;GRI 2 Governance;S&P CSA ESG Governance & Oversight,评级/CSA把ESG监督与管理责任视为独立证据，不能由泛公司治理自动替代。,sp_csa;ifrs_s1;gri_standards;msci_methodology,https://portal.s1.spglobal.com/survey/documents/CSA_Methodology%20Handbook_ICS.pdf;https://www.ifrs.org/issued-standards/ifrs-sustainability-standards-navigator/ifrs-s1-general-requirements/;https://www.globalreporting.org/standards/;https://www.msci.com/documents/1296102/34424357/MSCI%2BESG%2BRatings%2BMethodology.pdf,qualitative_disclosure_sufficiency_v1.0
G_T_002,董事会ESG监督,披露董事会或最高治理机构监督、审议、批准、听取或负责ESG/可持续发展/气候相关事项。,董事会监督ESG;董事会审议ESG;最高治理机构;董事会可持续发展职责;董事会审阅ESG报告,仅披露董事会一般治理、合规、财务或战略职责，未指向ESG/可持续发展/气候事项。,board_or_highest_body_esg_oversight,needs_discussion,IFRS S1;IFRS S2;TCFD Governance;GRI 2,气候/ESG治理通常要求最高治理机构 oversight 的明示证据。,ifrs_s1;ifrs_s2;tcfd;gri_standards;sp_csa,https://www.ifrs.org/issued-standards/ifrs-sustainability-standards-navigator/ifrs-s1-general-requirements/;https://www.ifrs.org/issued-standards/ifrs-sustainability-standards-navigator/ifrs-s2-climate-related-disclosures/;https://www.fsb-tcfd.org/recommendations/;https://www.globalreporting.org/standards/;https://portal.s1.spglobal.com/survey/documents/CSA_Methodology%20Handbook_ICS.pdf,qualitative_disclosure_sufficiency_v1.0
G_T_003,全面风险管理体系,披露公司风险管理体系、风险识别评估、风险控制、风险委员会、三道防线或全面风险管理流程。,全面风险管理;风险管理体系;风险识别;风险评估;风险控制;三道防线,只列举单一风险、单次风险事件或内部控制结论，未说明风险管理体系。,enterprise_risk_management_system,needs_discussion,IFRS S1 Risk Management;S&P CSA Risk & Crisis Management;GRI 2,评级重视风险治理与流程，单点风险描述不能替代ERM体系。,ifrs_s1;sp_csa;gri_standards,https://www.ifrs.org/issued-standards/ifrs-sustainability-standards-navigator/ifrs-s1-general-requirements/;https://portal.s1.spglobal.com/survey/documents/CSA_Methodology%20Handbook_ICS.pdf;https://www.globalreporting.org/standards/,qualitative_disclosure_sufficiency_v1.0
G_T_004,内控与合规管理,披露内部控制、合规管理、审计监督、法律合规、制度建设或合规培训等机制。,内部控制;内控体系;合规管理;审计监督;法律合规;合规培训,仅有依法经营、规范运作等原则性表述，没有制度、流程、职责或执行证据。,internal_control_or_compliance_management,needs_discussion,公司治理披露;S&P CSA Risk & Crisis Management,治理类评分通常看制度化合规和监督机制，口号性合法经营不充分。,sp_csa,https://portal.s1.spglobal.com/survey/documents/CSA_Methodology%20Handbook_ICS.pdf,qualitative_disclosure_sufficiency_v1.0
G_T_005,商业道德与反腐机制,披露反腐败、反贿赂、商业道德准则、廉洁培训、举报渠道、调查处理或腐败案件管理。,反腐败;反贿赂;商业道德;廉洁从业;举报渠道;廉洁培训;腐败案件,仅写诚信经营、廉洁文化口号，未说明机制、渠道、培训、制度或案件处理。,business_ethics_or_anti_corruption_mechanism,needs_discussion,GRI 205;HKEX ESG B7;S&P CSA Codes of Business Conduct,商业道德指标通常需要制度、培训、举报或事件管理证据。,gri_standards;hkex_esg;sp_csa,https://www.globalreporting.org/standards/;https://www.hkex.com.hk/Listing/Rules-and-Guidance/Environmental-Social-and-Governance/ESG-Reporting-Guide-and-FAQs;https://portal.s1.spglobal.com/survey/documents/CSA_Methodology%20Handbook_ICS.pdf,qualitative_disclosure_sufficiency_v1.0
G_T_009,重大性议题识别过程,披露实质性/重要性议题识别流程、利益相关方参与、影响/风险/机遇评估、议题矩阵或议题清单形成过程。,重大性议题;实质性议题;重要性评估;议题矩阵;利益相关方调研;议题识别流程,只有报告目录、GRI索引、ESG章节标题或一组议题名称，没有说明识别/评估过程。,materiality_assessment_process,needs_discussion,GRI 3 Material Topics;S&P CSA Materiality,实质性议题需要可追溯的识别过程，不把主题罗列等同于评估流程。,gri_standards;sp_csa,https://www.globalreporting.org/standards/;https://portal.s1.spglobal.com/survey/documents/CSA_Methodology%20Handbook_ICS.pdf,qualitative_disclosure_sufficiency_v1.0
